# catalogversion;code;pk;mime;description;altText;@media;URL
Output Catalog:Online;mv_floorplan_002.jpg;8892501852190;image/jpeg;Typical 1-Bedroom Villa;;8892501524510.jpg;/medias/mv-floorplan-002.jpg?context=bWFzdGVyfHJvb3R8MjM2MjZ8aW1hZ2UvanBlZ3xoODkvaGI1Lzg4OTI1MDE1MjQ1MTAuanBnfDA1ODUzMGE1YmZkMzExYzQzMGZjNjZiNDdjNzRiZmUzNGEwZTdjZWRjMzczMGVmYmRjZjUxMTk0YTE2YTQ5YjU
Output Catalog:Online;9-Evergreen-EVTT-2bed2bath.jpg;8892639838238;image/jpeg;Evergreen 2-Bedroom, 2-Bath Villa;Evergreen 2-Bedroom, 2-Bath Villa;8892639445022.jpg;/medias/9-Evergreen-EVTT-2bed2bath.jpg?context=bWFzdGVyfGltYWdlc3w1MTQ5NnxpbWFnZS9qcGVnfGltYWdlcy9oMTYvaGM2Lzg4OTI2Mzk0NDUwMjIuanBnfDI4OGQxM2RmNmRhZjNhNTViYmNkN2FjODEwYWRlZTYwZGMwZTEzM2Y1NzJiYzU2ZTRhZjQxNTRlOGFiNGU5YWU
Output Catalog:Online;1-Birch-BIOO-1bed1bath.jpg;8892638298142;image/jpeg;Birch 1-Bedroom, 1-Bath Villa ;Birch 1-Bedroom, 1-Bath Villa ;8892636364830.jpg;/medias/1-Birch-BIOO-1bed1bath.jpg?context=bWFzdGVyfGltYWdlc3wzNjk4NXxpbWFnZS9qcGVnfGltYWdlcy9oZGUvaGE2Lzg4OTI2MzYzNjQ4MzAuanBnfDJmYTkwODViNTlkNGY3ZTc0ZGNhODdjOWU3MDUyYzIyMGVlMmMxYThmODk4ZDQyMjQ2MDU1Y2JlMmRiYTFkZTA
Output Catalog:Online;2-Birch-BIOT-1bed2bath.jpg;8892638330910;image/jpeg;Birch 1-Bedroom, 2-Bath Villa;Birch 1-Bedroom, 2-Bath Villa;8892636495902.jpg;/medias/2-Birch-BIOT-1bed2bath.jpg?context=bWFzdGVyfGltYWdlc3wzMDI4MXxpbWFnZS9qcGVnfGltYWdlcy9oNjkvaGM3Lzg4OTI2MzY0OTU5MDIuanBnfDkxYWFiYWNmNTBiYjYxMDRhMWIyNDU5Mzg1MWJhNzAyYWRhZTMzOTg4YjI0NDI1MzcwY2NjNmUwN2IxMmMwY2I
Output Catalog:Online;2br.jpg;8816387096606;image/jpeg;2-Bedroom 2-Baths;2br.jpg;8815923724318.jpg;/medias/2br.jpg?context=bWFzdGVyfHJvb3R8NDEyNDl8aW1hZ2UvanBlZ3xoMWEvaGI4Lzg4MTU5MjM3MjQzMTguanBnfGY4OTE4ZTNlMTlkNzg5NmUzNTZhMzJiOTVkNTYyMTAwZDM0ZjI4NDA1NjZkZmZmOGFmODI4OWU2MDAwMDdiNjc
Output Catalog:Online;Resort-HP-Floor-Plan-large-001;8816412491806;image/jpeg;Typical 2-Bedroom Villa;;8877034209310.jpg;/medias/8804586848286.jpg?context=bWFzdGVyfGltYWdlc3wzMjExNnxpbWFnZS9qcGVnfGltYWdlcy9oNmEvaDU0Lzg4NzcwMzQyMDkzMTAuanBnfDEzN2QwM2ViM2U3YTkzYTEwNDUyZmQ0MmE2MzUwMWNkM2UxMGU2MDM3ZTdmN2NmNjQ3YTNlNzNhYWRmNWM1YzU
Output Catalog:Online;Resort-OW-Floor-Plan-large-001;8816413605918;image/jpeg;Typical 2-Bedroom Villa;;8877049249822.jpg;/medias/8804601888798.jpg?context=bWFzdGVyfGltYWdlc3wzMDI5MXxpbWFnZS9qcGVnfGltYWdlcy9oYWIvaDQyLzg4NzcwNDkyNDk4MjIuanBnfDQ1MDc1NWM3ODA2MzFmYzIzNjMxYTNkYjUzMWQzNjI2ZTkzYWUyMDEwMjIxNTM4ZjZiNTg2MWEzZWFjYzc2Njc
Output Catalog:Online;Resort-RCC-SF-Floor-Plan-large-003;8816442703902;image/jpeg;Typical Three-Bedroom Residence;;8877066321950.jpg;/medias/8804618960926.jpg?context=bWFzdGVyfGltYWdlc3w5MjE4NnxpbWFnZS9qcGVnfGltYWdlcy9oNTUvaDcxLzg4NzcwNjYzMjE5NTAuanBnfDgwY2JkNGYxYWU2M2I4MGYwNDQ5MzY3Mzc1ZjU3NWQ4ZTMxMzg4ZTA1MmFkZDljMDA1YzViYTNhNTBmMTI5ODE
Output Catalog:Online;Resort-GV-Floor-Plan-large-001;8816447914014;image/jpeg;Typical 1-Bedroom Villa;;8876992495646.jpg;/medias/8804545069086.jpg?context=bWFzdGVyfGltYWdlc3wzMTY3NnxpbWFnZS9qcGVnfGltYWdlcy9oMDkvaGZkLzg4NzY5OTI0OTU2NDYuanBnfDg1ZmE2ZGYyMzkxMTVlMTFiYTE0MWJiMjAxYjM5Yzk0MTUwZmU5NmIyNTEyYmVhMGE2YzMxMDc2NTA3NzdkODg
Output Catalog:Online;Resort-GV-Floor-Plan-large-002;8816447946782;image/jpeg;Typical 2-Bedroom Villa;;8876992528414.jpg;/medias/8804545101854.jpg?context=bWFzdGVyfGltYWdlc3wzMzUwMHxpbWFnZS9qcGVnfGltYWdlcy9oMTYvaDViLzg4NzY5OTI1Mjg0MTQuanBnfDk2YmVkY2FlOWM5OWYwNDUzYjU2OTQ2N2M1ZmNkZTg4YWE2Y2JlMTNlYTY2ZGZlYTlmYzVjM2Q5MjZhODc5NTQ
Output Catalog:Online;Resort-SF-Floor-Plan-large-001;8816451452958;image/jpeg;Typical 2-Bedroom Villa;;8877056753694.jpg;/medias/8804609392670.jpg?context=bWFzdGVyfGltYWdlc3wyNDg2NHxpbWFnZS9qcGVnfGltYWdlcy9oZjAvaDExLzg4NzcwNTY3NTM2OTQuanBnfGMzOTZmMzliODRmODEwZTQyMDdhZWZmMjViMzY4OTBhZDM1YmZmYTliMzQ2N2YwZTJhMTcwYWI3Yjk2ZWRkZDU
Output Catalog:Online;NY_Guestroom-Queen-001.jpg;8825695535134;image/jpeg;Queen Guest Room;Queen Guest Room;8825682067486.jpg;/medias/NY-Guestroom-Queen.jpg?context=bWFzdGVyfGltYWdlc3w0NTY2OHxpbWFnZS9qcGVnfGltYWdlcy9oMGQvaDMyLzg4MjU2ODIwNjc0ODYuanBnfDE2NzcyZTIyZGRkMzBiZjYwM2I0ZDY2NGJlNzk3YmM5ZWMxYjA2NDY4ZTFhOTVhMjIwNjVjZWYwOGYwZjZiZmY
Output Catalog:Online;NY_Deluxe-Double.jpg;8825695600670;image/jpeg;Deluxe Double Guest Room;Deluxe Double Guest Room;8825682264094.jpg;/medias/NY-Deluxe-Double.jpg?context=bWFzdGVyfGltYWdlc3w0ODYxN3xpbWFnZS9qcGVnfGltYWdlcy9oMmYvaDc0Lzg4MjU2ODIyNjQwOTQuanBnfDQ3ZTBjYWRmNDNhOGM0YmYzYzlhMjI5NzQ2ZDU4Y2Q1ZDY3OTA0MTdlNmMzNGFlMDgyZWMwNTE5YjBmM2RiMjU
Output Catalog:Online;Resort-MB-Floor-Plan-large-002;8816368156702;image/jpeg;Typical 2-Bedroom Villa;;8876997836830.jpg;/medias/8804550410270.jpg?context=bWFzdGVyfGltYWdlc3wyNTU4MXxpbWFnZS9qcGVnfGltYWdlcy9oYTkvaGUzLzg4NzY5OTc4MzY4MzAuanBnfGMxNGJkZDZkZDQwZmFiZWY3NWRmMzI4ZTkxNTRjZTk5ZjdkMmJkZDNjZjY2ZTE0YTAwZmEyM2Q4NGIyZTViMWM
Output Catalog:Online;Resort-MA-Floor-Plan-large-001;8816434544670;image/jpeg;Typical 2-Bedroom Villa;;8877042106398.jpg;/medias/8804594745374.jpg?context=bWFzdGVyfGltYWdlc3wyODgwNHxpbWFnZS9qcGVnfGltYWdlcy9oNDQvaGQ0Lzg4NzcwNDIxMDYzOTguanBnfGQ1MDlkZDQwOTVmOTEwYzdlYzY0ZWQ0MGZmNmYwMDZhZDQyNjEwNTI3NjU2YmY5YWJkZWNiZWY5NjM2ZGE5ZTQ
Output Catalog:Online;Resort-SM-Floor-Plan-large-001;8816450338846;image/jpeg;Typical 2-Bedroom Villa;;8877054951454.jpg;/medias/8804607590430.jpg?context=bWFzdGVyfGltYWdlc3wzMzQzOXxpbWFnZS9qcGVnfGltYWdlcy9oZGQvaGVhLzg4NzcwNTQ5NTE0NTQuanBnfDA0M2IzZGRjOTI0ZTQ0Y2ZmYjkyOGVjMDRlNzEwZjU0NWMyZjMxZDY0NjJmNDRlNjc4YzVkYTBjNDZlMmJjY2I
Output Catalog:Online;Resort-RCC-LT-Floor-Plan-large-002;8816380837918;image/jpeg;Typical Three-Bedroom Residence;;8877067763742.jpg;/medias/8804620402718.jpg?context=bWFzdGVyfGltYWdlc3wxMDczOTF8aW1hZ2UvanBlZ3xpbWFnZXMvaDQ4L2hhOC84ODc3MDY3NzYzNzQyLmpwZ3xjZTRjZWE4ZmU4MDM4ZTMzNTQ1Nzk3OGRmM2MxYTM3NDAyMThjZjUwZDdmZGVjNjdmZWZiYjNjY2M5YjBmZmMy
Output Catalog:Online;Resort-MC-Floor-Plan-large-001;8816391225374;image/jpeg;Typical 2-Bedroom TownHouse;;8877024542750.jpg;/medias/mc-floorplan-001.jpg?context=bWFzdGVyfGltYWdlc3wyOTc3MHxpbWFnZS9qcGVnfGltYWdlcy9oNjkvaDAxLzg4NzcwMjQ1NDI3NTAuanBnfDg1ZjY2MDU3MDYzYjU1YzdmZGEyYTg0NmU1ODcwMjUyNDAwMjdjNmFkZWY2NGQ3ZWUxNGIwYmY2ZmUxMGZmNTQ
Output Catalog:Online;Resort-MH-Floor-Plan-large-001;8816398106654;image/jpeg;Typical 1 Bedroom Villa;;8876988432414.jpg;/medias/8804541005854.jpg?context=bWFzdGVyfGltYWdlc3wyNTM0OHxpbWFnZS9qcGVnfGltYWdlcy9oMmMvaDU4Lzg4NzY5ODg0MzI0MTQuanBnfDMwYjgwMWZmMzE0YWEyNjA2NWNjZjJkNTAwZThmYjYwODJjOTVlMDg5Yzk0MWE1NGMwYzMwMTc3MDBhN2YxZmM
Output Catalog:Online;Resort-ML-Floor-Plan-large-002;8816402071582;image/jpeg;Typical 2-Bedroom Middle Villa;;8877026934814.jpg;/medias/8804579508254.jpg?context=bWFzdGVyfGltYWdlc3wzMTA4OXxpbWFnZS9qcGVnfGltYWdlcy9oMDcvaGM4Lzg4NzcwMjY5MzQ4MTQuanBnfGYyMTE2ZjczMTZkMjhlZmJkMzYxZTc1Njg1NDAyYTg2ZjM4MWVjYzJmOTJiN2FjNjQ0YTcxZmEyOWYwNmE4Mjc
Output Catalog:Online;2 Bedroom Poolside Villa;8866166603806;image/jpeg;2 Bedroom Poolside Villa;2 Bedroom Poolside Villa;8906149855262.jpg;/medias/za-floorplan-005.jpg?context=bWFzdGVyfGltYWdlc3w2Mjg2NXxpbWFnZS9qcGVnfGltYWdlcy9oZTYvaDI0Lzg5MDYxNDk4NTUyNjIuanBnfGE0MTM5OTMxMWVhYjcyYWQ1MTEyNzgzMmI2NGYzN2EzNTRhOGNhN2YzZDA2ODA4NzUzNDgwYTlmMGExZjI2Njk
Output Catalog:Online;Resort-HO-Floor-Plan-large-001;8816410558494;image/jpeg;Typical 2- Bedroom Suite;Typical 2- Bedroom Suite;8877007929374.jpg;/medias/8804560502814.jpg?context=bWFzdGVyfGltYWdlc3wyNjMwNnxpbWFnZS9qcGVnfGltYWdlcy9oYzgvaGJjLzg4NzcwMDc5MjkzNzQuanBnfGY3OTFmMjg1MWYzZDZhNGY2YWJiZTc0NWIzN2FlM2EwMzNmYWM3YmUyOTJmNjI5ZjlhMWFmNWQwNjRjMTNmNWY
Output Catalog:Online;160423_SD-F-001_King.jpg;8828310683678;image/jpeg;King Suite;King Suite;8828302852126.jpg;/medias/160423-SD-F-001-King.jpg?context=bWFzdGVyfGltYWdlc3w0ODEwNnxpbWFnZS9qcGVnfGltYWdlcy9oYTQvaDNkLzg4MjgzMDI4NTIxMjYuanBnfDExMmUyZjZiOWNhMzYzYzIzM2U3ZjhlOTk1OTc5NmFlMTI4YTJkY2ViZTM1NjUyMzE0OWRhNDQyYmE3NzBlYWE
Output Catalog:Online;Resort-MS-MediaCode-resortMapPDF;8816370843678;application/pdf;;;8877076971550.pdf;/medias/8806556336158.pdf?context=bWFzdGVyfHJvb3R8NTY4ODY0MHxhcHBsaWNhdGlvbi9wZGZ8aGE0L2gxNy84ODc3MDc2OTcxNTUwLnBkZnw0NmQxMzViYjRiZWMxZTM5NjgwMDVkZTU4ZTE0ODQ1ODk2YzI3OTc0OWU3NTY1ZmFiZGY3NWJmYTYxZmNmYTdm
Output Catalog:Online;Resort-CH-MediaCode-resortMapPDF;8816393879582;application/pdf;;;8877075136542.pdf;/medias/BUG-25277-160779-11-WebResortMapsFN.pdf?context=bWFzdGVyfHJvb3R8OTUyNDA4fGFwcGxpY2F0aW9uL3BkZnxoNDQvaGVkLzg4NzcwNzUxMzY1NDIucGRmfGU2ZjFjNDc2NjFjZDI3MjU0NDAzMDcyNDM4MDQ1OGUyNmIzZmFhNTk0YTk5NGE0YTFlOTYwZjU1MDU0ZTdiYjg
Output Catalog:Online;Resort-DS-MediaCode-resortMapPDF;8816395419678;application/pdf;;;8877073006622.pdf;/medias/8806552371230.pdf?context=bWFzdGVyfHJvb3R8MTU3MjAzfGFwcGxpY2F0aW9uL3BkZnxoMGIvaDQwLzg4NzcwNzMwMDY2MjIucGRmfDcyMmExZTM1NGUwNmM1OTkxY2U1NmNmNzk3NjEyZDA2YWY1NzY1Y2Y2OWRmODBiMTYwMDJhMmRiOTExNjQ3MzY
Output Catalog:Online;Resort-ML-MediaCode-resortMapPDF;8816401842206;application/pdf;;;8906150707230.pdf;/medias/crystalShoresResortMap.pdf?context=bWFzdGVyfHJvb3R8ODQ3ODY1fGFwcGxpY2F0aW9uL3BkZnxoZmEvaDYxLzg5MDYxNTA3MDcyMzAucGRmfGFkMDMzNjBhYTBmN2ZmMjVmYmMyYTQ1ODY2YTZjNzY4Y2JhZGE5MTJlNDM5NDRiYTljM2E2ODBiZDRmYzkxZGQ
Output Catalog:Online;7-Douglas-DGOR-1bed3bathLoft.jpg;8892638461982;image/jpeg;Douglas 1-Bedroom, 3-Bath Loft;Douglas 1-Bedroom, 3-Bath Loft;8892637413406.jpg;/medias/7-Douglas-DGOR-1bed3bathLoft.jpg?context=bWFzdGVyfGltYWdlc3w1MTg3N3xpbWFnZS9qcGVnfGltYWdlcy9oZjkvaDkxLzg4OTI2Mzc0MTM0MDYuanBnfGM3MzQwZWYwMWFkMjcwMjUyOTA0NGU2NDk2ZjcwMDNiOTQ3MmExY2M3MmUyYTg0NjhmMmI2MGRhZTUxZTc4OTE
Output Catalog:Online;8-Douglas-DGTR-2bed3bathLoft.jpg;8892638527518;image/jpeg;Douglas 2-Bedroom, 3-Bath Loft;Douglas 2-Bedroom, 3-Bath Loft;8892637741086.jpg;/medias/8-Douglas-DGTR-2bed3bathLoft.jpg?context=bWFzdGVyfGltYWdlc3w1NzE0NXxpbWFnZS9qcGVnfGltYWdlcy9oMGYvaDhhLzg4OTI2Mzc3NDEwODYuanBnfGJlMWMwYTg4MzFmYTc4MDIyYmMzOGQwZWEwNmE1NGU3ODVlM2RhYzMxNDkzZTBlM2EzYzkzNGVlNmI1MWY0NzE
Output Catalog:Online;Resort-GRC-Floor-Plan-large-004;8816387031070;image/jpeg;Typical Studio;;8877000294430.jpg;/medias/8804552867870.jpg?context=bWFzdGVyfGltYWdlc3wyMjM1MnxpbWFnZS9qcGVnfGltYWdlcy9oMTUvaDViLzg4NzcwMDAyOTQ0MzAuanBnfGIxNWY0MWU2NjM0NDM5OGIxNTMxMDBhMDQ5NTI3YTc1MTcwYWNiNGVmNThjZDEyZDY1YjY4ZWVhNWNlMDFiNjQ
Output Catalog:Online;Resort-VG-Floor-Plan-large-002;8816428515358;image/jpeg;Typical 2-Bedroom Villa;;8877031030814.jpg;/medias/8804583669790.jpg?context=bWFzdGVyfGltYWdlc3wzMTY4MHxpbWFnZS9qcGVnfGltYWdlcy9oNDgvaDlhLzg4NzcwMzEwMzA4MTQuanBnfGMzY2MwODRlZTY4NmZkNDExMTQwYTIyMjcyMDc4ZTJmMjljNWE2MGQyZmFlMDExY2UyZDcxNjk1ZGU5NWJkNDM
Output Catalog:Online;Resort-VG-Floor-Plan-large-003;8816428548126;image/jpeg;Typical 3-Bedroom Villa;;8877031063582.jpg;/medias/8804583702558.jpg?context=bWFzdGVyfGltYWdlc3wyODkyMHxpbWFnZS9qcGVnfGltYWdlcy9oOTAvaGEyLzg4NzcwMzEwNjM1ODIuanBnfGRkZTgwN2NhMjI0ZjhmMmI1NWYwNzMwZTM2NWFjZWI1MTA3NTI3YjkyNTUxNmJiNTVlYjc3MDE2ZWJmM2Q0OWU
Output Catalog:Online;Resort-HA-Floor-Plan-large-001;8816429727774;image/jpeg;Typical 2-Bedroom Villa;;8877033226270.jpg;/medias/8804585865246.jpg?context=bWFzdGVyfGltYWdlc3wzMjQzNXxpbWFnZS9qcGVnfGltYWdlcy9oNDQvaDBlLzg4NzcwMzMyMjYyNzAuanBnfDYzZDE2NTgxZDBjNDk5NzI4ODBkNGM3YzhlOGY3ZWRjZDAyNWI1YTgzZjJhZWNiMTYxMTI0YWI1MjkwNjQ4MjM
Output Catalog:Online;Resort-RCC-SF-Floor-Plan-large-002;8816442671134;image/jpeg;Typical Two-Bedroom Residence;;8877066289182.jpg;/medias/8804618928158.jpg?context=bWFzdGVyfGltYWdlc3w4Mjg1MXxpbWFnZS9qcGVnfGltYWdlcy9oMWMvaGI2Lzg4NzcwNjYyODkxODIuanBnfDllYTFkZGNjYjhlNzc2OTI0YjFlMmU2ZjhiYzM5NThkY2I2NmRmNTExNTllYzM0ZWZiOGJhZWNjMzEwNjVjMzA
Output Catalog:Online;Resort-WI-Floor-Plan-large-001;8816444440606;image/jpeg;Typical 2-Bedroom Villa;;8877063897118.jpg;/medias/8804616536094.jpg?context=bWFzdGVyfGltYWdlc3wzMTMxOXxpbWFnZS9qcGVnfGltYWdlcy9oZmIvaDFkLzg4NzcwNjM4OTcxMTguanBnfGVjNzgwNTJkZGJlNmQ5MGY2NDc5NzFlMWM4ODFlN2JiN2QxNjg1NWNlOTYxNzI5MGEzOWNjODE3Njc0YzkyMGM
Output Catalog:Online;Resort-GV-Floor-Plan-large-003;8816447979550;image/jpeg;Typical 3-Bedroom Villa;;8876992561182.jpg;/medias/8804545134622.jpg?context=bWFzdGVyfGltYWdlc3wzNzk2NHxpbWFnZS9qcGVnfGltYWdlcy9oMmYvaDI5Lzg4NzY5OTI1NjExODIuanBnfDM5ZmQ3N2YyZDZiMDMxODQ5ZTYzNTFhYzkwODM5MWY5NzU4ODY3Mjg5NzNkMzIxNzBhN2U3Yjk5ZjdjMTcxMTE
Output Catalog:Online;NY_EmpireState-View-001.jpg;8825710968862;image/jpeg;King Guest Room Empire State Building View;King Guest Room Empire State Building View;8825709658142.jpg;/medias/NY-EmpireState-View.jpg?context=bWFzdGVyfGltYWdlc3w0NTQ4M3xpbWFnZS9qcGVnfGltYWdlcy9oNzIvaGRjLzg4MjU3MDk2NTgxNDIuanBnfGIyYjM3ODc2YmM5N2NmODI2ZTc5NzJmOWU3N2MyYmM2MzhjOTVlZDhlZmQzZTg3OGU4NDUyNzlmYWNjNjQ4Nzc
Output Catalog:Online;NY-F002_CityView-Double.jpg;8830649171998;image/jpeg;Double Guest Room City View;Double Guest Room City View;8830648647710.jpg;/medias/160621-NY-F002-CityView-Double.jpg?context=bWFzdGVyfGltYWdlc3w2ODkxOHxpbWFnZS9qcGVnfGltYWdlcy9oNjIvaGIzLzg4MzA2NDg2NDc3MTAuanBnfGIwODZhYWY2MDIyZDM1Y2M0YTI3ZDMwOTRhZDhkODRjNTkyMjg0ZTIyNjVkNDg1MmQwZDc2N2JhNzZiYjdhYjA
Output Catalog:Online;Resort-HB-Floor-Plan-large-001;8816362422302;image/jpeg;Typical 2-Bedroom Villa;;8877065437214.jpg;/medias/8804618076190.jpg?context=bWFzdGVyfGltYWdlc3wyOTQxOHxpbWFnZS9qcGVnfGltYWdlcy9oNjgvaDQ1Lzg4NzcwNjU0MzcyMTQuanBnfDBkNzg4ZWYyOWJjYzI4YTI1ZjA2ZjIxYWFkNWUyN2Q0OGI1OThkNGQ1YzQzODg2ZjQ0YzllZDAzMWQ2NzNlNGI
Output Catalog:Online;Resort-RCC-V-Floor-Plan-large-001;8816372449310;image/jpeg;Typical Three-Bedroom Residence;;8877069271070.jpg;/medias/8804621910046.jpg?context=bWFzdGVyfGltYWdlc3w1MDE0N3xpbWFnZS9qcGVnfGltYWdlcy9oNmUvaDFmLzg4NzcwNjkyNzEwNzAuanBnfGI3Mzk4NTQxMjZiMDkwY2NjYmVhMTRiZjk5N2ZiNGE4MzE4Y2VmNTMwNDE2OTljZTczYjgxMmIyMzlhZWQ1NGM
Output Catalog:Online;desertSprings2TwoBedroomPic.jpg;8886788849694;image/jpeg;Typical 2-Bedroom Villa;Typical 2-Bedroom Villa;8886788259870.jpg;/medias/8804558635038.jpg?context=bWFzdGVyfGltYWdlc3wzNzE3MnxpbWFnZS9qcGVnfGltYWdlcy9oZjYvaDhhLzg4ODY3ODgyNTk4NzAuanBnfGE1NmI0NjdkYTI5ZDE2MDZjMDliYjEzZWQ3MTY4M2RkZTJmYTYyNzFmNDgxY2FiMmU4ODk1Y2Y0Nzk3ZjUyMjM
Output Catalog:Online;1-Bedroom-Suite.jpg;8848358735902;image/jpeg;One Bedroom Suite ;One Bedroom Suite ;8848358342686.jpg;/medias/1-Bedroom-Suite.jpg?context=bWFzdGVyfGltYWdlc3w0MjM3MHxpbWFnZS9qcGVnfGltYWdlcy9oN2MvaDFjLzg4NDgzNTgzNDI2ODYuanBnfGU4NTMwNGVhZTY1NjVlNWJiNWVhMDRjNDY0NjVkNjE3MjQwZGRkODA4ZDBjZjUxMjcxMzdmYTQ1NDMyOGVhYjU
Output Catalog:Online;2-Bedroom-Suite.jpg;8848353198110;image/jpeg;Two Bedroom Suite ;Two Bedroom Suite ;8848347168798.jpg;/medias/2-Bedroom-Suite.jpg?context=bWFzdGVyfGltYWdlc3w0Njk0NHxpbWFnZS9qcGVnfGltYWdlcy9oM2YvaDc2Lzg4NDgzNDcxNjg3OTguanBnfGVlMDU0ZDhlMzgxMjYxNTllMzBmZmIzOWVlYzViMTUzOTNjMDQ1MWMzYWM0MmI5MzQ5YzY4NGZlMzRkYWI5NWI
Output Catalog:Online;Typical-2-Bedroom-Apartment-King.jpg;8900851597342;image/jpeg;Typical 2-Bedroom Apartment King;Typical 2-Bedroom Apartment King;8900850876446.jpg;/medias/Typical-2-Bedroom-Apartment-King.jpg?context=bWFzdGVyfGltYWdlc3wxMTA4MzV8aW1hZ2UvanBlZ3xpbWFnZXMvaDA0L2gxZi84OTAwODUwODc2NDQ2LmpwZ3wyNDExNWVkMGE0NjA3YjgxYjJmYjM3ZjVkMTEyZjg1ZDRmODk1N2FmMmMxOWZjNGJlZGZiNzk5MmY5NzdiNDFi
Output Catalog:Online;Resort-AC-MediaCode-resortMapPDF;8816384966686;application/pdf;;;8881521623070.pdf;/medias/arubaSurfClubResortMap.pdf?context=bWFzdGVyfHJvb3R8NjM0MDY0fGFwcGxpY2F0aW9uL3BkZnxoZDYvaDg2Lzg4ODE1MjE2MjMwNzAucGRmfDExMmNiMjkwNWQxZTBlZjAzNTJjMzdkNDE0ZWQxNmNlYWIxMGMyNjUyMmVmOWE0YzgyZTgzMTJjMDIwYWYxNjU
Output Catalog:Online;Resort-CY-MediaCode-resortMapPDF;8816403546142;application/pdf;;;8877072875550.pdf;/medias/8806552240158.pdf?context=bWFzdGVyfHJvb3R8NjY1MzkxfGFwcGxpY2F0aW9uL3BkZnxoZjUvaGM2Lzg4NzcwNzI4NzU1NTAucGRmfDc2NjAxYzliZTQyMTNjNGNmYzRhZjY2NTlmMzY0YjNhYThkZmM3YTQ4ZjNjNTRiOWQ1MTc4NDEzMzA3MmM0OGE
Output Catalog:Online;Resort-VG-MediaCode-resortMapPDF;8816428384286;application/pdf;;;8952194367518.pdf;/medias/17170856-VG-M-005-SiteMap-LayeredFN.pdf?context=bWFzdGVyfHJvb3R8MzQxNzQ1fGFwcGxpY2F0aW9uL3BkZnxoNDYvaDgxLzg5NTIxOTQzNjc1MTgucGRmfDZlOTE4MjkyODNlODBjYjZmNWZhOWFkZWM2N2JlZjQyODRjNjA2MGNlYWNmNGMyMjgzODMyOTQxOGRlYTM3NDI
Output Catalog:Online;Resort-MC-MediaCode-resortMapPDF;8816391127070;application/pdf;;;8877074808862.pdf;/medias/8806554173470.pdf?context=bWFzdGVyfHJvb3R8MTU4MjM2fGFwcGxpY2F0aW9uL3BkZnxoMTkvaGFmLzg4NzcwNzQ4MDg4NjIucGRmfDViMmM2OGUzMDgzYjM3MjhiOTVhNDg4Mjk5NzBhMTQ1ZDk5ZDQyZDY3NTdkZWRmMmU3YWJkY2UyNGE1NGE5Mjk
Output Catalog:Online;8804606181406.jpg;8816358260766;image/jpeg;Typical 2-bedroom Exterior Villa;8804606181406.jpg;8815923953694.jpg;/medias/kt-floorplan-001.jpg?context=bWFzdGVyfHJvb3R8MzAwNTR8aW1hZ2UvanBlZ3xoZGEvaGU0Lzg4MTU5MjM5NTM2OTQuanBnfDcyYzlkZjNkM2I5MjkxMWEwMGFmNTJiOGMyMGI3YThiNzExMmExZjlhOWEwZmM3ZjhiMzQxZjkyYjA4YWNkM2U
Output Catalog:Online;Resort-KT-Floor-Plan-large-003;8816358326302;image/jpeg;Typical 3-bedroom Villa;;8877053575198.jpg;/medias/8804606214174.jpg?context=bWFzdGVyfGltYWdlc3wzNTAwMXxpbWFnZS9qcGVnfGltYWdlcy9oOTYvaDdmLzg4NzcwNTM1NzUxOTguanBnfGJmNDViZjMxZTY5MDEzYzNhMDQ1ODQxNmM4Y2ZhNWQxY2Y1ZTZkZGU5ZDg0Yzk0NGM2N2Q0N2M5YzE0MzczOTQ
Output Catalog:Online;4-Birch-BITT2-2bed2bath.jpg;8892638429214;image/jpeg;Birch 2-Bedroom, 2-Bath Villa - Configuration 2;Birch 2-Bedroom, 2-Bath Villa - Configuration 2;8892637216798.jpg;/medias/4-Birch-BITT2-2bed2bath.jpg?context=bWFzdGVyfGltYWdlc3w0MjU5MnxpbWFnZS9qcGVnfGltYWdlcy9oODMvaDk3Lzg4OTI2MzcyMTY3OTguanBnfDU2YTJhMzJjYmYzYjM3NGRmOTNhMThjNzIyNTlmZmNhMGU0ZjdkZTA2NDRmZGNjMjVhMGI3Y2Y1MzNlYjZkYjk
Output Catalog:Online;Resort-AC-Floor-Plan-large-001;8816385032222;image/jpeg;Typical 2-Bedroom Villa;;8877020708894.jpg;/medias/8804573282334.jpg?context=bWFzdGVyfGltYWdlc3wyOTg5NXxpbWFnZS9qcGVnfGltYWdlcy9oMWEvaDIzLzg4NzcwMjA3MDg4OTQuanBnfDJmNGEzYjM4NmQ2NTIwMjRhOTY5ZTA3NzRhZmZmOWIxNDU1NTBmMDQ1ZDM5YTA4MGY0OThiODgyYzQ4Y2VjOGI
Output Catalog:Online;Resort-CY-Floor-Plan-large-001;8816403677214;image/jpeg;Typical 2-Bedroom Villa;;8877002457118.jpg;/medias/8804555030558.jpg?context=bWFzdGVyfGltYWdlc3wzMDExM3xpbWFnZS9qcGVnfGltYWdlcy9oNmUvaDUzLzg4NzcwMDI0NTcxMTguanBnfGYyNjk5YmY3NDJkODAxZjZjMzg4OWU3MGI0MjUyNzI5YzU2MGVhYzY1NTNlM2VjZDg3OWYyMzk3Y2E2Y2U4OWU
Output Catalog:Online;Resort-IM-Floor-Plan-large-001;8816430972958;image/jpeg;Typical 3-Bedroom Villa;;8877009600542.jpg;/medias/8804562173982.jpg?context=bWFzdGVyfGltYWdlc3wyODgwM3xpbWFnZS9qcGVnfGltYWdlcy9oZGYvaDgwLzg4NzcwMDk2MDA1NDIuanBnfDg5MDlmNzQwYWEwNTQxYjE3MWE5MmNhMTNhZGM0YTRhMDdkZjFhMTY5YWNkZjY3YjgxZDY2ZWZlNmJiYTY0NmI
Output Catalog:Online;Resort-RCC-AH-Floor-Plan-large-001;8816443555870;image/jpeg;Typical Two-Bedroom Residence;;8877066944542.jpg;/medias/8804619583518.jpg?context=bWFzdGVyfGltYWdlc3wxMDI0Mzd8aW1hZ2UvanBlZ3xpbWFnZXMvaGJjL2hmYS84ODc3MDY2OTQ0NTQyLmpwZ3xmNWMxMDYxMjNhMmI0ZTgwNzA5NTY3ODQ1YWUwYzdkOTkzYTlmMjdhNzdkODEzYmU2NzMxZmZhMzYyNzk3YmY1
Output Catalog:Online;Resort-SF-Floor-Plan-large-002;8816451485726;image/jpeg;Typical 3-Bedroom Villa;;8877056786462.jpg;/medias/8804609425438.jpg?context=bWFzdGVyfGltYWdlc3wyOTQzNXxpbWFnZS9qcGVnfGltYWdlcy9oZTIvaGY4Lzg4NzcwNTY3ODY0NjIuanBnfDk4MDY0NDU0NzhmYTc0YzQ4OGIzOTVjZDAzMjY0YzVjYTIwMjc1OTNmZDNmYTY5NmJiMjcwNjVhNGEzOGNmZTc
Output Catalog:Online;Resort-PY-Floor-Plan-large-003;8816363667486;image/jpeg;Typical 3-Bedroom Villa;Typical 3-Bedroom Villa;8815922741278.jpg;/medias/8804547035166.jpg?context=bWFzdGVyfHJvb3R8Mjg4OTh8aW1hZ2UvanBlZ3xoNmIvaDU1Lzg4MTU5MjI3NDEyNzguanBnfDlmN2MyM2E4MDQyNGY5MjBiNDZmMzE4NmU2ZWUyNGJhNGFkYjUwZTY5MWYzM2YwMzQ0YjE5ZDFmYTA0YWMxZjg
Output Catalog:Online;Resort-MB-Floor-Plan-large-003;8816368123934;image/jpeg;Typical 3-Bedroom Villa;;8876997869598.jpg;/medias/8804550443038.jpg?context=bWFzdGVyfGltYWdlc3wzMTcxMnxpbWFnZS9qcGVnfGltYWdlcy9oZDEvaDIyLzg4NzY5OTc4Njk1OTguanBnfDJmZmFkZGQwZmY0Y2FkYWEzY2QxYzllZjNlYTVlOWM5NGI1NGRkYjBhNjEyYzgyZTA3NjhkMjNlMTY4ZWM2OWY
Output Catalog:Online;Resort-MY-Floor-Plan-large-001;8816418979870;image/jpeg;Typical Guest Room, 2 Doubles;my_floorplan_001.jpg;8815845802014.jpg;/medias/my-floorplan-001.jpg?context=bWFzdGVyfHJvb3R8MzY1MDd8aW1hZ2UvanBlZ3xoNWUvaDk3Lzg4MTU4NDU4MDIwMTQuanBnfDc4MmY3YzdkMjFmOTk4Mjc0MTRjN2FlNDcxMjIwYTU0ZjM1MDJiY2NkM2NiZWY2MWM2YWE5ZmNlNWM2MmJiMDc
Output Catalog:Online;Resort-LR-Floor-Plan-large-004;8816420257822;image/jpeg;Typical 2-Bedroom Lock-Off with 2 Master Suites;;8892182036510.jpg;/medias/lr-floorplan-004.jpg?context=bWFzdGVyfGltYWdlc3w2OTY1MHxpbWFnZS9qcGVnfGltYWdlcy9oODMvaDIzLzg4OTIxODIwMzY1MTAuanBnfGI4OTU1ODRjMWE3M2ViNWYyMWVjMDEzMzk0OTMwMTBiY2Q4YWE5MWU3NjNmNjU4YTAzZDc2ZDJjOWU1ZTNhNGI
Output Catalog:Online;Resort-HE-Floor-Plan-large-001;8816433397790;image/jpeg;Typical 2-Bedroom Villa;;8877035061278.jpg;/medias/8804587700254.jpg?context=bWFzdGVyfGltYWdlc3wzMzUxOXxpbWFnZS9qcGVnfGltYWdlcy9oMTUvaGRiLzg4NzcwMzUwNjEyNzguanBnfGNmYjY4NWVkYjQ5ZWFiYTBiNTQxNmE4ZTkwZDMzMDg1N2Q1NTlhYWJmYzRmZGNmMDYyZDZiNzMwY2VhM2Q3OGE
Output Catalog:Online;SA_2Bed2BathFullVilla_BW_lores-3.jpg;8840089174046;image/jpeg;Typical 2-Bedroom Villa;Typical 2-Bedroom Villa;8840088846366.jpg;/medias/SA-2Bed2BathFullVilla-BW-lores-3.jpg?context=bWFzdGVyfGltYWdlc3wxMTA3MzN8aW1hZ2UvanBlZ3xpbWFnZXMvaDkyL2gxZC84ODQwMDg4ODQ2MzY2LmpwZ3wwMTQyMWZlYmZlNjEwYTg3YmE4NDQ0NGFlOTlmNzcxMzQ1N2Q0ZGExNDkxMjYxZTg4YjljZTRmNGU5NTcwMGRh
Output Catalog:Online;1623148_HO_2Bed2BathFullVilla_610x423.jpg;8887392206878;image/jpeg;Typical 2- Bedroom Villa;Typical 2- Bedroom Villa;8887391027230.jpg;/medias/1623148-HO-2Bed2BathFullVilla-610x423.jpg?context=bWFzdGVyfGltYWdlc3w1NjgyNHxpbWFnZS9qcGVnfGltYWdlcy9oM2IvaGFkLzg4ODczOTEwMjcyMzAuanBnfGRhNzY1OTk1MTJiN2VhMWQ0YjE5NjJlYzEzNTIyMDIxMjg0ZDhlZjA2MDUxMmU4YmFkMzZjZTAzZjVlYzExNjY
Output Catalog:Online;Typical-Guestroom.jpg;8900851662878;image/jpeg;Typical Guestroom;Typical Guestroom;8900851007518.jpg;/medias/Typical-Guestroom.jpg?context=bWFzdGVyfGltYWdlc3w0MTg0OXxpbWFnZS9qcGVnfGltYWdlcy9oZmMvaGU3Lzg5MDA4NTEwMDc1MTguanBnfDM1MmU4Y2U2OWJmMDkzOGVmOGQ5NGY3NTI2ZmRlODBiNmUzM2ZhZjA3NGFlYjkxZGI0Y2Y2ZmEzYWQwYjZiYjE
Output Catalog:Online;Resort-GRC-MediaCode-resortMapPDF;8816386834462;application/pdf;;;8877072613406.pdf;/medias/8806551978014.pdf?context=bWFzdGVyfHJvb3R8OTU0MjV8YXBwbGljYXRpb24vcGRmfGgxZC9oMTcvODg3NzA3MjYxMzQwNi5wZGZ8ZTNkNzA1NDAzNTZmMTQ5NzEyYmYwMzczYzhhMmUyOGE2ZDVhMzRhZGE0N2JiMGFmMzU1NzQzOTMwNDIwNWU4Nw
Output Catalog:Online;Resort-HA-MediaCode-resortMapPDF;8816429629470;application/pdf;;;8877075660830.pdf;/medias/8806555025438.pdf?context=bWFzdGVyfHJvb3R8NTA5NzUxfGFwcGxpY2F0aW9uL3BkZnxoNjkvaDcyLzg4NzcwNzU2NjA4MzAucGRmfGYxZDM5ZDE1ZGNkYTdmNTYzNThhYjQ3MWEzYTVkNDE3MDY3NzAzMTY5NDQ3ZDdlZmI4YmNhZDA5MmZkMDFkOTE
Output Catalog:Online;Resort-IM-MediaCode-resortMapPDF;8816430841886;application/pdf;;;8877073399838.pdf;/medias/8806552764446.pdf?context=bWFzdGVyfHJvb3R8NDkxMzUxfGFwcGxpY2F0aW9uL3BkZnxoOTAvaGQyLzg4NzcwNzMzOTk4MzgucGRmfDA4NDExZDM3YzVkNDFhZGM2N2VjZDkwZTA1NDM4Y2FkYWYwYWQ4NTBlMzc0Y2U2ZGY1ZmU0ZjRhZmJhZDZkZjY
Output Catalog:Online;Resort-WI-MediaCode-resortMapPDF;8816444276766;application/pdf;;;8877078544414.pdf;/medias/8806557909022.pdf?context=bWFzdGVyfHJvb3R8NzczODE5fGFwcGxpY2F0aW9uL3BkZnxoNjkvaGI4Lzg4NzcwNzg1NDQ0MTQucGRmfGExZGQzOWRkYWI2Yjg3NDI0ZmFhMmFhM2UzMzYyMGY4NWJiOGEyMDYyZDA2Y2U1YWZkNzJjNzU3OTQ1OGVmODY
Output Catalog:Online;Resort-GV-MediaCode-resortMapPDF;8816447848478;application/pdf;;;8889933168670.pdf;/medias/1783780-GV-M-003-SiteMap-Layered-WB.pdf?context=bWFzdGVyfHJvb3R8NDE5MTMwfGFwcGxpY2F0aW9uL3BkZnxoMGYvaGYxLzg4ODk5MzMxNjg2NzAucGRmfGY1ODYzNmRhOGZkZTVjYjdhNzk4ZDQ1ZDUxOTViNTg2Yjg2NjAxZDhlMDhlMzE0ZDFhYWUyNmFkMzFlNmZjMDI
Output Catalog:Online;Resort-PB-MediaCode-resortMapPDF;8816378544158;application/pdf;;;8877077463070.pdf;/medias/8806556827678.pdf?context=bWFzdGVyfHJvb3R8Mjc4MjgyfGFwcGxpY2F0aW9uL3BkZnxoNjAvaDIzLzg4NzcwNzc0NjMwNzAucGRmfGQ1ZDIzNDkyNDJhNTIyZWFhZTU0YzAxOTIyNjVkODI2OGE3OWQwOTA5MzAwZWFkMTcyMTEyMDAzM2ZmNTM5Njg
Output Catalog:Online;Resort-UV-MediaCode-resortMapPDF;8816446144542;application/pdf;;;8877079527454.pdf;/medias/8806558892062.pdf?context=bWFzdGVyfHJvb3R8NDM0ODExfGFwcGxpY2F0aW9uL3BkZnxoM2IvaDlkLzg4NzcwNzk1Mjc0NTQucGRmfDNlOTA2MDZlZDVhZmY2ZTZmNmUxZThlYTRlYTAxZTlmYjVmNDM3OTg0MTRjZWQ4MGIzOWE2YmU2MTgwZjU1NjA
Output Catalog:Online;Resort-CV-MediaCode-resortMapPDF;8816389488670;application/pdf;;;8883299778590.pdf;/medias/canyonVillasResortMap.pdf?context=bWFzdGVyfHJvb3R8MjkxNjk2fGFwcGxpY2F0aW9uL3BkZnxoNmQvaGZkLzg4ODMyOTk3Nzg1OTAucGRmfDVkMDIzNDQwNTM5NDAwMTFhMWY2YjBjM2MwNTMyYTRiM2FiN2M4NWY5N2UwNmFiNjJkZGFjOTI1YzI4OTM1YjM
Output Catalog:Online;Resort-MH-MediaCode-resortMapPDF;8816397877278;application/pdf;;;8885358166046.pdf;/medias/mauiOceanClubResortMap.pdf?context=bWFzdGVyfHJvb3R8NjYwMjcxfGFwcGxpY2F0aW9uL3BkZnxoYWYvaDlkLzg4ODUzNTgxNjYwNDYucGRmfDUzNjAzNzYxNjEyNzEwZTgyNzYyMWJkYjcyYTViN2JhODUwMGZiYmQ5Y2EzNzA2ODBhZjhmODM0NTgxMDI3ZTU
Output Catalog:Online;5-Birch-BISO-Studio1bed1bath.jpg;8892638363678;image/jpeg;Birch Studio ;Birch Studio ;8892636889118.jpg;/medias/5-Birch-BISO-Studio1bed1bath.jpg?context=bWFzdGVyfGltYWdlc3wzNjkyNHxpbWFnZS9qcGVnfGltYWdlcy9oZWUvaDU4Lzg4OTI2MzY4ODkxMTguanBnfGM1MmYzZDg3OGU5NDBmODRlYWQ2ZWUwOGMwYmQ0M2MzNGIwNTE0M2M3YmEwM2NmNzcyYmY1MGFiMzdkN2U4ZjI
Output Catalog:Online;3-Birch-BITT1-2bed2bath.jpg;8892638396446;image/jpeg;Birch 2-Bedroom, 2-Bath Villa - Configuration 1;Birch 2-Bedroom, 2-Bath Villa - Configuration 1;8892637151262.jpg;/medias/3-Birch-BITT1-2bed2bath.jpg?context=bWFzdGVyfGltYWdlc3w0NzAyN3xpbWFnZS9qcGVnfGltYWdlcy9oYTMvaDA4Lzg4OTI2MzcxNTEyNjIuanBnfGVkMzJiNzczNTk4ZTQzOGJkOWZmOWVjOTFjZDBmMzQzNzk1ZDgyNjU1NmQ2NzgzZTI2NjA2ZDQ2N2QxNDczM2I
Output Catalog:Online;1br.jpg;8816387063838;image/jpeg;Typical 1-Bedroom Villa;1br.jpg;8815923658782.jpg;/medias/1br.jpg?context=bWFzdGVyfHJvb3R8Mzg1NzF8aW1hZ2UvanBlZ3xoOWQvaDI5Lzg4MTU5MjM2NTg3ODIuanBnfGE5YzExNDU3OTRhMzk2MTQ0YTFmMWMxN2QzZDdjNTA5MWE5NmNhY2I4MmVhNmMzMTFlZWNhYmY2MDY1YmQ4NTg
Output Catalog:Online;Resort-GR-Floor-Plan-large-001;8816409051166;image/jpeg;Typical 2-Bedroom Villa;;8877031981086.jpg;/medias/8804584620062.jpg?context=bWFzdGVyfGltYWdlc3wzMTQ0MHxpbWFnZS9qcGVnfGltYWdlcy9oNjYvaGQ0Lzg4NzcwMzE5ODEwODYuanBnfDI2NGVjY2YxMGU0ZTE1YjA1MjRmMzRmNTk3YTQwYTA5ZGVkNjIyZDA5ZmM4ZDJjNTEyYzI2NmE5MGIwMWUzMjA
Output Catalog:Online;Resort-SR-Floor-Plan-large-001;8816425664542;image/jpeg;Typical 1-Bedroom Villa;;8877017104414.jpg;/medias/8804569677854.jpg?context=bWFzdGVyfGltYWdlc3wzMzAyM3xpbWFnZS9qcGVnfGltYWdlcy9oZjYvaDgyLzg4NzcwMTcxMDQ0MTQuanBnfDY1NWZjYTMxZjZiZTNiMjljZTI0NzI3ZGQzNTVjNGExMGNlYjg5ZWNjMDczMzk4OWRjZGYwZjYyZGNmYWVlMGY
Output Catalog:Online;Resort-RO-Floor-Plan-large-001;8816439722014;image/jpeg;Typical 2-Bedroom Villa;;8877014614046.jpg;/medias/8804567187486.jpg?context=bWFzdGVyfGltYWdlc3wyNzM2NXxpbWFnZS9qcGVnfGltYWdlcy9oYTcvaGU5Lzg4NzcwMTQ2MTQwNDYuanBnfGFjYTg3OWJlZDJiYzdmNmZlNTkyNzE2YTkxMWYzZmYyMzc2OTQ3MGQ5M2U1MjIwMWI4MDMxNDFlNTg5OGNlZTA
Output Catalog:Online;py_floorplan_001.jpg;8816363700254;image/jpeg;Typical 2-Bedroom Villa;Typical 2-Bedroom Villa;8815922708510.jpg;/medias/py-floorplan-001.jpg?context=bWFzdGVyfHJvb3R8MzAzNzl8aW1hZ2UvanBlZ3xoMzUvaDIxLzg4MTU5MjI3MDg1MTAuanBnfDUzYmQyYmEyMGIyYTU1ZmRjZjg3N2MyYWM2OTc4OTJjOWZhMmI4ODQ3ZmU3ZWQwNjU2ZTE5ZTRkYjMzZmQ0NjM
Output Catalog:Online;Resort-PB-Floor-Plan-large-001;8816378675230;image/jpeg;Typical 2-Bedroom Villa;;8877051576350.jpg;/medias/8804604215326.jpg?context=bWFzdGVyfGltYWdlc3wyODc2OXxpbWFnZS9qcGVnfGltYWdlcy9oMjkvaDNmLzg4NzcwNTE1NzYzNTAuanBnfGI0ZDY2NjNhOTUxMTQxNmY3OThiYjE3ODYzZTFjZTllMmU2NDJmNGY4NjBiMzExYzFjNWNlZjMxMjhmZTkyZjM
Output Catalog:Online;Resort-MY-Floor-Plan-large-004;8816419045406;image/jpeg;Typical Junior Suite, 1 King, Sofabed;my_floorplan_004.jpg;8815925952542.jpg;/medias/my-floorplan-004.jpg?context=bWFzdGVyfHJvb3R8NDI0Mjl8aW1hZ2UvanBlZ3xoZTAvaDIzLzg4MTU5MjU5NTI1NDIuanBnfDA0MjViOWI0ZWFkOGE3YjY4YTQyYjFmNzkyMWEzYzYwMGNmMTI1MmM5ZTI0NTMxMmQ2MDViOTFiZTk4OTBhNTI
Output Catalog:Online;Resort-MY-Floor-Plan-large-003;8816419110942;image/jpeg;Typical Executive Suite, 1 King;;8815924674590.jpg;/medias/8802763636766.jpg?context=bWFzdGVyfHJvb3R8NDI2MTF8aW1hZ2UvanBlZ3xoMzMvaGJlLzg4MTU5MjQ2NzQ1OTAuanBnfGUxZDhlZTM4M2JlYjE1MmU0ZmUyMzkxMmJiMjZmODE4NzAyNjBhZmI2MmQ2NjVlMTBjN2M1ZmU0MGJkZDlhYzc
Output Catalog:Online;Resort-TL-Floor-Plan-large-001;8816373760030;image/jpeg;Typical 1-Bedroom Villa;;8877058424862.jpg;/medias/8804611063838.jpg?context=bWFzdGVyfGltYWdlc3wyNjgwM3xpbWFnZS9qcGVnfGltYWdlcy9oMzQvaGE3Lzg4NzcwNTg0MjQ4NjIuanBnfDJiN2Y1YjcwZTgzM2U3YzAzNDBlY2Q4MWRjZWNlOGI0ODU5ZTc1Y2U3ZDI2ODdhZWNhZWMyNzk0ZGVjYzZjMjA
Output Catalog:Online;Resort-SN-Floor-Plan-large-002;8816377266206;image/jpeg;Typical 2-Bedroom Oceanview Villa;;8877048070174.jpg;/medias/8804600709150.jpg?context=bWFzdGVyfGltYWdlc3wzMDg5NnxpbWFnZS9qcGVnfGltYWdlcy9oMzMvaGEwLzg4NzcwNDgwNzAxNzQuanBnfDYzOTA3NDFlNDhlMTZkNWNiM2MyNmVlYTA5OTAyOWQ0ZWJmMzI4MmIyOTViMDgyYjFiODkxMzJlMDQwOTYyYTk
Output Catalog:Online;Resort-RCC-LT-Floor-Plan-large-003;8816380772382;image/jpeg;Typical Four-Bedroom Residence;;8877067796510.jpg;/medias/8804620435486.jpg?context=bWFzdGVyfGltYWdlc3wxMzA3NzZ8aW1hZ2UvanBlZ3xpbWFnZXMvaGU0L2g0Yy84ODc3MDY3Nzk2NTEwLmpwZ3xjYWZjODU1OGU5M2IyMjk2MGZlYThmYjE0NDVlNjA2N2FhZWU1OWRlYjFlNzdjNjQ5ZGRkNzNlYjUyMTU0NmZm
Output Catalog:Online;Resort-MH-Floor-Plan-large-002;8816398139422;image/jpeg;Typical 2 Bedroom Villa;;8876988465182.jpg;/medias/8804541038622.jpg?context=bWFzdGVyfGltYWdlc3wyOTY0OHxpbWFnZS9qcGVnfGltYWdlcy9oZmIvaDZhLzg4NzY5ODg0NjUxODIuanBnfGY2NTU0NjdmZjU3NDIzNTA3ZDZjNzQ0ZmQyOTA1MGFmNmIyYTIyOWJmMzgzZGRmYzRhMGMzNjVlNjAyYThkYjQ
Output Catalog:Online;160241_BB_Floorplans_OceanVilla_610x423.jpg;8889730957342;image/jpeg;Typical 2-Bedroom Ocean Villa;Typical 2-Bedroom Ocean Villa;8889730367518.jpg;/medias/160241-BB-Floorplans-OceanVilla-610x423.jpg?context=bWFzdGVyfGltYWdlc3wxMTIwMDl8aW1hZ2UvanBlZ3xpbWFnZXMvaDg2L2g1Yi84ODg5NzMwMzY3NTE4LmpwZ3wxNWUxZWJhODQ5OTIzM2IxOTQ5YTE3Njg3NzBiMjYyN2YwYmEwMTlmZjBjZTliMWE0MWU5MzIzOTY3OTNjZjBi
Output Catalog:Online;Resort-FW-Floor-Plan-large-001;8816407445534;image/jpeg;Typical 2-Bedroom Villa;;8877029589022.jpg;/medias/8804582227998.jpg?context=bWFzdGVyfGltYWdlc3wzMDMwM3xpbWFnZS9qcGVnfGltYWdlcy9oYTIvaGNlLzg4NzcwMjk1ODkwMjIuanBnfGRhYjJkYmI1MmE1OGUyN2Y0YjI4MDE3Njk1MzA1NDAwMDdkNmQ4M2I5MDk5MzgzNmRhZDQ0YjRjMzlmYzNjZmQ
Output Catalog:Online;1623148_HO_1Bed1BathGuestroom_610x423.jpg;8887392174110;image/jpeg;Typical 1- Bedroom Guestroom;Typical 1- Bedroom Guestroom;8887390699550.jpg;/medias/1623148-HO-1Bed1BathGuestroom-610x423.jpg?context=bWFzdGVyfGltYWdlc3w0NTE4OHxpbWFnZS9qcGVnfGltYWdlcy9oZTcvaDliLzg4ODczOTA2OTk1NTAuanBnfDIxZTg1MDhjMzgyYzk1ZTc2MTdjN2E5MzVmMzA0ZGE4MjYyYzk3OTU2MGUyODEzMGJkZjQ0ZWM1MGQ0NGMwMWE
Output Catalog:Online;au_floorplan_0001.jpg;8843378622494;image/jpeg;2 Bedroom Deluxe Suite;2 Bedroom Deluxe Suite;8843378032670.jpg;/medias/au-floorplan-001.jpg?context=bWFzdGVyfGltYWdlc3w1MDgwOHxpbWFnZS9qcGVnfGltYWdlcy9oNGIvaDQ5Lzg4NDMzNzgwMzI2NzAuanBnfGY0ZTM1YTkzMTMzYjlkYmVmNDg1ZTAwNjFjMjhmNDA5Nzc0ODMwYmY1ZTk2Yjg2ZjBiOWM3MTFjZTZhYTJiMjY
Output Catalog:Online;Resort-SS-MediaCode-resortMapPDF;8816359800862;application/pdf;;;8877072318494.pdf;/medias/8806551683102.pdf?context=bWFzdGVyfHJvb3R8MTM0NDEzfGFwcGxpY2F0aW9uL3BkZnxoNzQvaDVjLzg4NzcwNzIzMTg0OTQucGRmfGE0NDcyM2JiNDhhNjA0YmI3NmNkMzM0NWI5MjVmMjY5OTlhYzE1NGY5NGYxZGRmYTg0YzE1MzI2YzBiYTMwMTI
Output Catalog:Online;Resort-GR-MediaCode-resortMapPDF;8816408920094;application/pdf;;;8882468454430.pdf;/medias/grandeOceanResortMap.pdf?context=bWFzdGVyfHJvb3R8NjEzNjE0fGFwcGxpY2F0aW9uL3BkZnxoNGYvaDJjLzg4ODI0Njg0NTQ0MzAucGRmfDIzMzQ4YmMyZjliYmJlNzJhYmM5ODU1ODk5NTQzMWVkZWI0MWRiZTc0YTVlYjllZGM2MDcyNTFhYTdlYWVkNjA
Output Catalog:Online;Resort-HP-MediaCode-resortMapPDF;8816412360734;application/pdf;;;8877075791902.pdf;/medias/8806555156510.pdf?context=bWFzdGVyfHJvb3R8Mjc4NzUyfGFwcGxpY2F0aW9uL3BkZnxoZGUvaGZiLzg4NzcwNzU3OTE5MDIucGRmfDQ5ZTNjN2E0ZmViNTA4NzM2ZDc0ODllNjBhN2JjNmI2MzNlOWRlYzBhNmRhMzBhMDhjYWYxNjI0MWJkYzg4NTc
Output Catalog:Online;Resort-PY-MediaCode-resortMapPDF;8816363503646;application/pdf;;;8893303259166.pdf;/medias/playaAndaluzaResortMap.pdf?context=bWFzdGVyfHJvb3R8MjA5NTYxfGFwcGxpY2F0aW9uL3BkZnxoZmYvaGIzLzg4OTMzMDMyNTkxNjYucGRmfGNiNmEwNzJlNGM0Nzc2MTU4M2QwYzVlZjMwMGViNGNjYzI5NWIwNjIzNDVhMzNhNjEzYjEzZDViYTNiNjQ5NmY
Output Catalog:Online;Resort-AB-MediaCode-resortMapPDF;8816383754270;application/pdf;;;8881523097630.pdf;/medias/arubaOceanClubResortMap.pdf?context=bWFzdGVyfHJvb3R8MTA0OTY5MHxhcHBsaWNhdGlvbi9wZGZ8aDM2L2gyMS84ODgxNTIzMDk3NjMwLnBkZnxkMGE3MmJlYjMwOWNhYTYyOWNhOGVjYWVmYWNmNjZmODg3MmM5ZjE5NzEwMWZmODViOWRiYjQxMWQ3YWFlMWFm
Output Catalog:Online;Resort-BB-MediaCode-resortMapPDF;8816400728094;application/pdf;;;8877074546718.pdf;/medias/8806553911326.pdf?context=bWFzdGVyfHJvb3R8MjIyNzk5fGFwcGxpY2F0aW9uL3BkZnxoMzQvaDgyLzg4NzcwNzQ1NDY3MTgucGRmfDI4MTliYWZhYjc5NDExY2U2NTU5NjU4YmUyZmU5NDM0ZDM4MTE4YjQzNmYyNTZjM2YxMmU5YzM4YWMyOGQ2YTc
Output Catalog:Online;Resort-MO-Floor-Plan-large-001;8816375889950;image/jpeg;Typical 2-Bedroom Villa;;8877043580958.jpg;/medias/8804596219934.jpg?context=bWFzdGVyfGltYWdlc3wyODM4NXxpbWFnZS9qcGVnfGltYWdlcy9oYWMvaGNhLzg4NzcwNDM1ODA5NTguanBnfGFlOWU4MGI2NmE1YzkwNGZiN2IyMTI0NDcyODU2YTY3YTYyNzg0NjhmOTE1ZThhMDA2Y2QwMjZlZmUxZTg2YmQ
Output Catalog:Online;Resort-DA-Floor-Plan-large-001;8816381755422;image/jpeg;Typical 2-Bedroom Villa;;8877062357022.jpg;/medias/8804614995998.jpg?context=bWFzdGVyfGltYWdlc3wyNjU3MXxpbWFnZS9qcGVnfGltYWdlcy9oMjMvaDYwLzg4NzcwNjIzNTcwMjIuanBnfGY0NmYwMzI1N2E4NWVmNTRjM2Q4NGQ4OWJiMmQ4ZWM2MDgyOGU5NzU4M2VhNDAwNjNhMTIwMGQyZDUyZWVkMWY
Output Catalog:Online;1brdlx.jpg;8816386965534;image/jpeg;Typical One-Bedroom Two-Baths;1brdlx.jpg;8815923691550.jpg;/medias/1brdlx.jpg?context=bWFzdGVyfHJvb3R8MzYwODd8aW1hZ2UvanBlZ3xoZDgvaDEzLzg4MTU5MjM2OTE1NTAuanBnfGNjZTJkZDgwOGMwOTc5ZjZhYjQwYmQ4YWU5YzUxYTFjZWRhN2UxYjFkZjBhMDUyZWFjOWU4NDU0ZmM2MjBkNzk
Output Catalog:Online;Resort-RCC-ST-Floor-Plan-large-001;8816422256670;image/jpeg;Typical Two-Bedroom Residence;;8877068484638.jpg;/medias/8804621123614.jpg?context=bWFzdGVyfGltYWdlc3w3MjI5MnxpbWFnZS9qcGVnfGltYWdlcy9oYTAvaGNjLzg4NzcwNjg0ODQ2MzguanBnfDU5NjQ3NTNhMzAzZjNkNjI0YzQzNmE2N2VkOTVmZWZlY2VhZTgxMmI2ZGJhZTdiNDM0NTcyM2M4NTc5NzcyOWU
Output Catalog:Online;Resort-PS-Floor-Plan-large-001;8816438312990;image/jpeg;Typical 2-Bedroom Villa;;8877046857758.jpg;/medias/8804599496734.jpg?context=bWFzdGVyfGltYWdlc3wzMTk3MHxpbWFnZS9qcGVnfGltYWdlcy9oMjEvaDlkLzg4NzcwNDY4NTc3NTguanBnfDY0NjEzZjQ2NGYwMDZmMDhhODYzMjZkOWQ2ODEzZjBiYzhkMjNkODYxMTEzYzViZDUzNDZiMjdjMGNhZmY0NDA
Output Catalog:Online;Resort-PS-Floor-Plan-large-002;8816438345758;image/jpeg;Typical 3-Bedroom Villa;;8877046890526.jpg;/medias/8804599529502.jpg?context=bWFzdGVyfGltYWdlc3wyODgxMnxpbWFnZS9qcGVnfGltYWdlcy9oNWMvaDg3Lzg4NzcwNDY4OTA1MjYuanBnfGE2NjdmMzEzMDk2ZWY3Y2U4MmYzNDU3YWY3NzYxMGY3NzA5MDViMDc0ZTRmOGQ2MTU0NWU2YjEyNjViZTE0MzU
Output Catalog:Online;Resort-RCC-SF-Floor-Plan-large-001;8816442638366;image/jpeg;Typical One-Bedroom Residence;;8877066256414.jpg;/medias/8804618895390.jpg?context=bWFzdGVyfGltYWdlc3w5MjQxNHxpbWFnZS9qcGVnfGltYWdlcy9oMGIvaDBkLzg4NzcwNjYyNTY0MTQuanBnfDkwOWRjZjQyODMyYzFlYzA2NDFlNDQxNWM1Y2IwODUyZmViNDJjMGVlNDcxN2U1NWNjNjkwMzY4MmU0YmYwODg
Output Catalog:Online;Resort-RCC-AH-Floor-Plan-large-002;8816443523102;image/jpeg;Typical Three-Bedroom Residence;;8877066977310.jpg;/medias/8804619616286.jpg?context=bWFzdGVyfGltYWdlc3wxMTA2NTV8aW1hZ2UvanBlZ3xpbWFnZXMvaDhmL2gwNS84ODc3MDY2OTc3MzEwLmpwZ3xmYWJiZGNhNzk2NjNkODQ3NDEzYjUwNGIzMDE2ZDMzY2UyMDFjMzgxYmI3MzQ0MWRjNzRlYmE4ZGE2ZWZmMjlh
Output Catalog:Online;NY_Deluxe-King.jpg;8825695567902;image/jpeg;Deluxe King Guest Room;Deluxe King Guest Room;8825682198558.jpg;/medias/NY-Deluxe-King.jpg?context=bWFzdGVyfGltYWdlc3w0NjE0MnxpbWFnZS9qcGVnfGltYWdlcy9oYWEvaDVmLzg4MjU2ODIxOTg1NTguanBnfGJiYjBlMTVjM2M4NjE2YTFhOTBjYzg3NThkMTMwODQ5NjZmZWM1MTNhNDM0MDg3N2NhYzU0NjAyMzRiNTc1MzA
Output Catalog:Online;Resort-LR-Floor-Plan-large-001;8816420159518;image/jpeg;Typical 2-Bedroom Villa;;8892186722334.jpg;/medias/lr-floorplan-005.jpg?context=bWFzdGVyfGltYWdlc3w2MDAyNnxpbWFnZS9qcGVnfGltYWdlcy9oYzYvaGYyLzg4OTIxODY3MjIzMzQuanBnfDdiMmJmY2VjZDIwMTNkN2FiMGM1MDg1ZWQ5NTU0Nzk4ZjdlMWZhNzk5MjM3ZjhiMDhmMTFjOTg2YWU2NGIwN2M
Output Catalog:Online;Resort-NC-Floor-Plan-large-001;8816436281374;image/jpeg;Typical 2-Bedroom Villa;;8877012779038.jpg;/medias/8804565352478.jpg?context=bWFzdGVyfGltYWdlc3wzMDEwMHxpbWFnZS9qcGVnfGltYWdlcy9oZDcvaDU1Lzg4NzcwMTI3NzkwMzguanBnfGIxM2ZjNjRhNjJmYTM3N2ExZGVlNjcyNDAzNzZmZWQ1NDI4MGRiZjk1ZDUxMTczMmQ0NjlhNTc2MGViYWUyNGQ
Output Catalog:Online;Resort-RCC-LT-Floor-Plan-large-001;8816380805150;image/jpeg;Typical Two-Bedroom Residence;;8877067730974.jpg;/medias/8804620369950.jpg?context=bWFzdGVyfGltYWdlc3w5MjczMnxpbWFnZS9qcGVnfGltYWdlcy9oOGEvaDYyLzg4NzcwNjc3MzA5NzQuanBnfDQ3MWUzMjY5ZGRkZTQxMmI0ZWEyZGNjMTliMTFlN2VkM2UzNTA3MmZhZjZmY2Y3NGQ3MTA2NzNhNGJkOWIxNjY
Output Catalog:Online;160241_BB_Floorplans_GardenVilla_610x423.jpg;8889730924574;image/jpeg;Typical 2-Bedroom Garden Villa;Typical 2-Bedroom Garden Villa;8889730170910.jpg;/medias/160241-BB-Floorplans-GardenVilla-610x423.jpg?context=bWFzdGVyfGltYWdlc3wxMDg5ODd8aW1hZ2UvanBlZ3xpbWFnZXMvaDE2L2g1NS84ODg5NzMwMTcwOTEwLmpwZ3w0YjMzNGMxYmE0ZmM3ZjI2NDQwMzMwMDcxNTI1NWUwYWNmYjJiY2Q1N2I4MzZjZWJiNzcyMWE1MjZlOTg0ODky
Output Catalog:Online;160423_SD-F-002_DblDbl.jpg;8828310716446;image/jpeg;Double Double Suite;Double Double Suite;8828302983198.jpg;/medias/160423-SD-F-002-DblDbl.jpg?context=bWFzdGVyfGltYWdlc3w0OTc2MHxpbWFnZS9qcGVnfGltYWdlcy9oNjcvaDBjLzg4MjgzMDI5ODMxOTguanBnfDhiMThiMDBjZGI5YmVlNWZhMDE3NThjYjBlMmEzMWRiODI3MjllNTUyMDBjY2NiNjMxZDdlNTg2ZGMxYTI5YmU
Output Catalog:Online;Resort-OW-MediaCode-resortMapPDF;8816413474846;application/pdf;;;8882736234526.pdf;/medias/oceanWatchResortMap.pdf?context=bWFzdGVyfHJvb3R8MzE0NTIwMnxhcHBsaWNhdGlvbi9wZGZ8aDI1L2hkMi84ODgyNzM2MjM0NTI2LnBkZnxkYjM1Yjc4MDg3NDY5MGJiNDA2ZTNlZmYwMTZhZDNkMGYxYjNmNzU4OTcwMjQ3N2MyM2ZhNDFmNWNlMGIyZjJk
Output Catalog:Online;Resort-PS-MediaCode-resortMapPDF;8816438214686;application/pdf;;;8891958689822.pdf;/medias/oceanPointeResortMap.pdf?context=bWFzdGVyfHJvb3R8MjUyOTU5fGFwcGxpY2F0aW9uL3BkZnxoMGMvaGZkLzg4OTE5NTg2ODk4MjIucGRmfDJjYjFjZDhjODcxNTU5NmFiMGI5ZTJiOWUzNDMxMGUyOGUxOGExMmQ3ZjgwNDcyZjQwYzdhNWJjODljODk3NGM
Output Catalog:Online;Resort-RO-MediaCode-resortMapPDF;8816439590942;application/pdf;;;8877073793054.pdf;/medias/8806553157662.pdf?context=bWFzdGVyfHJvb3R8NDkxMzYyfGFwcGxpY2F0aW9uL3BkZnxoMmIvaGE5Lzg4NzcwNzM3OTMwNTQucGRmfDkwYjNlMGQwNTRhNjUzMjNlZWFkY2U2ODA0YWZhMThjYzU0MzgyYzI3ZjhhYjgwNzI5MzcxZjBhMGQyNDExNDY
Output Catalog:Online;Resort-HB-MediaCode-resortMapPDF;8816362291230;application/pdf;;;8877078675486.pdf;/medias/8806558040094.pdf?context=bWFzdGVyfHJvb3R8NDAyNDY0fGFwcGxpY2F0aW9uL3BkZnxoNWQvaDZlLzg4NzcwNzg2NzU0ODYucGRmfDI5YzRkOWMwNjViYTIwOWI5NzdhOGRmMDlmNDcxZGU2Yjc3NDk4MWQ0NWFiYzJiNmZhNDI5Y2I0YmUyOTExMmY
Output Catalog:Online;Resort-HE-MediaCode-resortMapPDF;8816433266718;application/pdf;;;8877075922974.pdf;/medias/8806555287582.pdf?context=bWFzdGVyfHJvb3R8MjI1MzQ4fGFwcGxpY2F0aW9uL3BkZnxoOTgvaDVlLzg4NzcwNzU5MjI5NzQucGRmfGU1ZTkxZDdlYzkwZjAwYTUwNTVjNmMzNDVkOGQ0YzcyZjZkNTIzMmI5NGVkYjllZjA2NGI4MTE5NTMyNTI5OWQ
Output Catalog:Online;Resort-SM-MediaCode-resortMapPDF;8816450207774;application/pdf;;;8877077725214.pdf;/medias/8806557089822.pdf?context=bWFzdGVyfHJvb3R8MTY0NzIzfGFwcGxpY2F0aW9uL3BkZnxoZjUvaDY1Lzg4NzcwNzc3MjUyMTQucGRmfGE2ZTE1Mzg4NDU3ODg0YmJiMjdjMDFlNDhlZjBiNTc4ZTZkYjFjZTZiYzg3OGRlNzRlM2E1MzhmMGI3NWNkNTc
Output Catalog:Online;Resort-TL-MediaCode-resortMapPDF;8816373628958;application/pdf;;;8877078118430.pdf;/medias/8806557483038.pdf?context=bWFzdGVyfHJvb3R8NjMwNTMwfGFwcGxpY2F0aW9uL3BkZnxoZTMvaDhlLzg4NzcwNzgxMTg0MzAucGRmfDIwNmNiNTlhNDA5OTc3YWFmZDk4MWE1OWQyMTczMzcwZGVhMDU0MzY5MGU2YjY2OGExZjRjODcyMmYyMGQxNzI
Output Catalog:Online;Resort-SN-MediaCode-resortMapPDF;8816377135134;application/pdf;;;8877077233694.pdf;/medias/8806556598302.pdf?context=bWFzdGVyfHJvb3R8MjkyOTcyfGFwcGxpY2F0aW9uL3BkZnxoNTAvaGE1Lzg4NzcwNzcyMzM2OTQucGRmfDE5MWI0MzNlNzhkYzRkY2MwZDg4YmVkYTQ0ZmFmOTc3MmZkYWIwN2Y3NDJmZTUxZDE2NTM5MDViZGZmODViMjc
Output Catalog:Online;Resort-DE-MediaCode-resortMapPDF;8816405184542;application/pdf;;;8877073137694.pdf;/medias/8806552502302.pdf?context=bWFzdGVyfHJvb3R8MTU3MjAzfGFwcGxpY2F0aW9uL3BkZnxoMDAvaDBhLzg4NzcwNzMxMzc2OTQucGRmfDJhNTNhNWZkNDgyN2NkOWZlNGI3NDkwMTZkYzUyZjE4MWMwNzU5NjcwZDg5OGJiYWRjM2M2NTJkYWE3ZGYxMjY
Output Catalog:Online;Resort-KO-MediaCode-resortMapPDF;8816416063518;application/pdf;;;8899850698782.pdf;/medias/koOlinaBeachClubResortMap.pdf?context=bWFzdGVyfHJvb3R8MTI5MzA2NXxhcHBsaWNhdGlvbi9wZGZ8aDBjL2gwNy84ODk5ODUwNjk4NzgyLnBkZnw1ZjE2YmRkZmJjNTgxNGFmNzVmY2QwZjY2NGIyZWExNTVmNGQxYjAwM2VhM2RjMzdhZTc3Y2JkNzE5ZjgzNDg4
Output Catalog:Online;Resort-MV-Floor-Plan-large-002;8816357212190;image/jpeg; Typical 1-Studio Suite;;8877044760606.jpg;/medias/8804597399582.jpg?context=bWFzdGVyfGltYWdlc3wyNTAwMnxpbWFnZS9qcGVnfGltYWdlcy9oZGMvaDI1Lzg4NzcwNDQ3NjA2MDYuanBnfGZlZjQxNGFjZWI2YTQzZjg0YTYxMWIyMzljZWE4NTg3ZmYzMWViMDU0OGU3YmQwODg5ZGFhZWY0YWYzMTEzZDQ
Output Catalog:Online;Resort-VG-Floor-Plan-large-001;8816428482590;image/jpeg;Typical 1-Bedroom Villa;;8877030998046.jpg;/medias/8804583637022.jpg?context=bWFzdGVyfGltYWdlc3wyNzQxMHxpbWFnZS9qcGVnfGltYWdlcy9oMDIvaGNiLzg4NzcwMzA5OTgwNDYuanBnfDRkMjM4NTU1NmI2NzAyMTQxMTZiZDZiZTgwMmMwNGU2NzZhNGM4MzlhMTkyZDdhYTBkNGI2Y2JhNzNiYjRjYzk
Output Catalog:Online;ka_floorplan_003.jpg;8926690181150;image/jpeg;Typical 2-Bedroom Villa;Typical 2-Bedroom Villa;8926689034270.jpg;/medias/ka-floorplan-003.jpg?context=bWFzdGVyfGltYWdlc3w1NjYxOHxpbWFnZS9qcGVnfGltYWdlcy9oYzYvaGI4Lzg5MjY2ODkwMzQyNzAuanBnfDU0Mjc3YjY2YTdjYjFmMTcyN2YwNTQ5Mjg4NDkzYmU3ZjkyMWQ4ZjIxOGE5MzQwMGIzYzgwNGJlZjE5YzEyNGE
Output Catalog:Online;NY_CityView-King.jpg;8825695502366;image/jpeg;King Guest Room City View;King Guest Room City View;8825681936414.jpg;/medias/NY-CityView-King.jpg?context=bWFzdGVyfGltYWdlc3w0ODI2NHxpbWFnZS9qcGVnfGltYWdlcy9oMjYvaDkwLzg4MjU2ODE5MzY0MTQuanBnfDhkNTRiNTQ4NWM4NDRhYjRhMjZiYmFiMDBlMzVmNzZmMjI3MzZmOTM5Mjg0MTVlZjRlNGZkMTc1MDA1ZGUxMzE
Output Catalog:Online;Resort-MS-Floor-Plan-large-001;8816370941982;image/jpeg;Typical 2-Bedroom Villa;;8877045579806.jpg;/medias/8804598218782.jpg?context=bWFzdGVyfGltYWdlc3wyOTk2MnxpbWFnZS9qcGVnfGltYWdlcy9oNzYvaGM4Lzg4NzcwNDU1Nzk4MDYuanBnfDQ1ODliZGVlOTU5Mzk5MDYyY2U4MTZiZWJjYWJhODdiODdjNGMzZjM3ZTZhZTc5ODBjOWRjYTkyYzgyM2EwNzU
Output Catalog:Online;Resort-LR-Floor-Plan-large-005;8816420093982;image/jpeg;Typical 3-Bedroom Lock-Off Villa;;8892186656798.jpg;/medias/lr-floorplan-006.jpg?context=bWFzdGVyfGltYWdlc3w3NTg1MHxpbWFnZS9qcGVnfGltYWdlcy9oMGIvaDgxLzg4OTIxODY2NTY3OTguanBnfGY3ZmFjNzI3NGM1ZmVlMmMyZDJhZDBlMjgzN2NiZmIzODkxM2I4NGQzMzJhODhkNTA5NGVlMTcxZDg0NDM5OGQ
Output Catalog:Online;Resort-LR-Floor-Plan-large-003;8816420225054;image/jpeg;Typical 2-Bedroom Lock-Off Villa;;8892186755102.jpg;/medias/lr-floorplan-001.jpg?context=bWFzdGVyfGltYWdlc3w2OTU2N3xpbWFnZS9qcGVnfGltYWdlcy9oNjYvaDAyLzg4OTIxODY3NTUxMDIuanBnfDY2NmJiNGZkZmE5ZjNjOWUyYjVkNTVhZDJhNGI4MjQ5ZmU1OGJkZDEyNmNlMTk3YjBhZDgyNDU3ZDMyYzI0N2U
Output Catalog:Online;Resort-LE-Floor-Plan-large-001;8816355737630;image/jpeg;Typical 2-Bedroom Villa;;8877040893982.jpg;/medias/8804593532958.jpg?context=bWFzdGVyfGltYWdlc3wyODI5MHxpbWFnZS9qcGVnfGltYWdlcy9oNmQvaGE4Lzg4NzcwNDA4OTM5ODIuanBnfDQ2ODFiYmEzMWVlZTZiOTgxODZkM2JlZGM5NGRhMmJjZWE2NDM3NDE3NzZiMDZlMGVlMDU4ZTE1M2U2YTExZmM
Output Catalog:Online;Resort-TL-Floor-Plan-large-002;8816373694494;image/jpeg;Typical 2-Bedroom Villa;;8877058457630.jpg;/medias/8804611096606.jpg?context=bWFzdGVyfGltYWdlc3wzMTg0OXxpbWFnZS9qcGVnfGltYWdlcy9oZjgvaDRkLzg4NzcwNTg0NTc2MzAuanBnfGU2ZmNkY2Y5N2E4YjczNzMxOWI5YTQ1MTJmZWM2ZGJiY2NkMTY3NWNhMTg5ZWVlMDQzMGUxYTBkNDMwOWFlMGM
Output Catalog:Online;Resort-SN-Floor-Plan-large-001;8816377233438;image/jpeg;Typical 2-Bedroom Oceanfront Villa;;8877048037406.jpg;/medias/8804600676382.jpg?context=bWFzdGVyfGltYWdlc3wzMTI5M3xpbWFnZS9qcGVnfGltYWdlcy9oMWEvaGQyLzg4NzcwNDgwMzc0MDYuanBnfGI3YzZlN2JjYzkwZGFmNTNjNjFlNzJkZjgxYzdmMjcwY2NkY2U1YTQzODg1YmU4YmIyNGE2ZmUxMzRkZjE2NDc
Output Catalog:Online;Resort-AB-Floor-Plan-large-002;8816383885342;image/jpeg;Typical 2-Bedroom Villa;;8877019693086.jpg;/medias/8804572266526.jpg?context=bWFzdGVyfGltYWdlc3w0MDQzOHxpbWFnZS9qcGVnfGltYWdlcy9oOGQvaDk2Lzg4NzcwMTk2OTMwODYuanBnfGIzOWQ0NzFlMWEwZDkzNDRkNTY1ZmQ0NzgyMDk2YjIyYjI4ODZmYjc3NjUxZDQyZjMwMDNjMzk2NTQxN2RiM2Y
Output Catalog:Online;Resort-CV-Floor-Plan-large-001;8816389586974;image/jpeg;Typical 2-Bedroom Villa;;8877001048094.jpg;/medias/8804553621534.jpg?context=bWFzdGVyfGltYWdlc3wzNTYxOHxpbWFnZS9qcGVnfGltYWdlcy9oYTMvaGRmLzg4NzcwMDEwNDgwOTQuanBnfDkzM2VmOTQyZmZiOWM3ZmZjZTY5ZmQ2Yjk3YmFkMTE4MzM3YzhlOThhNDFhNzViMzJjNzI3YmU2MjAxMWFhZjQ
Output Catalog:Online;Resort-ML-Floor-Plan-large-001;8816402038814;image/jpeg;Typical 2-Bedroom Villa;;8877026902046.jpg;/medias/8804579475486.jpg?context=bWFzdGVyfGltYWdlc3wyODI3OXxpbWFnZS9qcGVnfGltYWdlcy9oZjkvaDZhLzg4NzcwMjY5MDIwNDYuanBnfDkzY2FjZWJhN2M0N2Q2NzdjOTBlMzYwYTMwZmNkOGNmYzI4MGIxOGIwMjEyNzAxODM0OGUwZTBhN2U3NTQzNDU
Output Catalog:Online;Resort-MO-MediaCode-resortMapPDF;8816375758878;application/pdf;;;8877076709406.pdf;/medias/8806556074014.pdf?context=bWFzdGVyfHJvb3R8NTA3NzY0fGFwcGxpY2F0aW9uL3BkZnxoYTAvaDJlLzg4NzcwNzY3MDk0MDYucGRmfDQ1ZWM5ZmMxMDEyMmU2YzgwZGI1ZWM4ZWYyYmZjZjkyYmM0NDIxOGY2OTE3NTllMTc2Yjk4YzI5NzkwNzc4ODk
Output Catalog:Online;Resort-DA-MediaCode-resortMapPDF;8816381624350;application/pdf;;;8877078380574.pdf;/medias/8806557745182.pdf?context=bWFzdGVyfHJvb3R8MzUzNzQyfGFwcGxpY2F0aW9uL3BkZnxoMmUvaGE4Lzg4NzcwNzgzODA1NzQucGRmfDk1MGYwNGU5OTViZTkzZGVmYmIxZDkyNTBlYzk4NTFiOTM2ZGZkYjY4M2FkMzMyYzgxMWM2MjU0ZjNhNjE1OTU
Output Catalog:Online;Resort-SR-MediaCode-resortMapPDF;8816425467934;application/pdf;;;8881517494302.pdf;/medias/shadowRidgeResortMap.pdf?context=bWFzdGVyfHJvb3R8NDIxNDA4fGFwcGxpY2F0aW9uL3BkZnxoOTMvaGE0Lzg4ODE1MTc0OTQzMDIucGRmfDUxOTdkZjE2ZTVjMjEzOWYzZWY3YWQ5ZTQ3MmVmYzZlNzJkZmQ1YjhmNTg1MjdlMDcxNWUzYTczMjdjZGI4MDY
Output Catalog:Online;Resort-LR-MediaCode-resortMapPDF;8816419995678;application/pdf;;;8890273759262.pdf;/medias/LR-M-007-SiteMap-Layered-WB.pdf?context=bWFzdGVyfHJvb3R8MTk3Njg5fGFwcGxpY2F0aW9uL3BkZnxoYjkvaDgzLzg4OTAyNzM3NTkyNjIucGRmfDEyNTU1MTJlNzJmMmJlOWIyNGY1MTQ3YmQ0OTIwYWUwOTUyYjk5N2E1MGJkMTMzMDc2MzI3MTQyN2Q4NWFlYmY
Output Catalog:Online;Resort-NC-MediaCode-resortMapPDF;8816436183070;application/pdf;;;8877073661982.pdf;/medias/8806553026590.pdf?context=bWFzdGVyfHJvb3R8MjA1MjA3fGFwcGxpY2F0aW9uL3BkZnxoNTEvaDk2Lzg4NzcwNzM2NjE5ODIucGRmfDZlNTRhMTFjMDg4M2VkODMwMmZmYTc2ZDJiOTMwMjcwNDY4MWRhOGJmOWY5YmFjOGQxYzdiYTcwNTQ0ZTkwNzE
Output Catalog:Online;Resort-HO-MediaCode-resortMapPDF;8816410460190;application/pdf;;;8877073268766.pdf;/medias/8806552633374.pdf?context=bWFzdGVyfHJvb3R8NTE5MzYwfGFwcGxpY2F0aW9uL3BkZnxoYjcvaDliLzg4NzcwNzMyNjg3NjYucGRmfGEwOTBmNjI1MTc2ODlkOTQ2ZTk1MzU4YWY1ZjJhMDAxZTBkMDQ4NzNjNGMxYjk5YTk3NzczMzBhNTVmOTQ0YTQ
Output Catalog:Online;6-Douglas-DGOT-1bed1bath.jpg;8892638494750;image/jpeg;Douglas 1-Bedroom, 2-Bath Villa;Douglas 1-Bedroom, 2-Bath Villa;8892637478942.jpg;/medias/6-Douglas-DGOT-1bed1bath.jpg?context=bWFzdGVyfGltYWdlc3w0NDQ4MXxpbWFnZS9qcGVnfGltYWdlcy9oM2IvaDhlLzg4OTI2Mzc0Nzg5NDIuanBnfDEwNjc1N2JhMDljMDZmNDFhZjdkMzRmOWMwMjUzYTU2NWE0ZDI1M2E3M2ZjMmMwMDNmMGQ1NGI0MjQ5NTI2NmE
Output Catalog:Online;ka_floorplan_001.jpg;8926690148382;image/jpeg;Typical 1-Bedroom Villa;Typical 1-Bedroom Villa;8926688706590.jpg;/medias/ka-floorplan-001.jpg?context=bWFzdGVyfGltYWdlc3w0MjA2NHxpbWFnZS9qcGVnfGltYWdlcy9oMjMvaDU1Lzg5MjY2ODg3MDY1OTAuanBnfDk2NTYwODlhZDkzYjlhNzViNDEyNTE1NTE2YmI1ZjM3YmQzODZlNDExYzgyZDU3M2M3NjE1OGI0NDE0YTAzZDM
Output Catalog:Online;NY_Guestroom-King-001.jpg;8825711034398;image/jpeg;King Guest Room;King Guest Room;8825710182430.jpg;/medias/NY-Guestroom-King.jpg?context=bWFzdGVyfGltYWdlc3w0NjM3MnxpbWFnZS9qcGVnfGltYWdlcy9oMzIvaGZiLzg4MjU3MTAxODI0MzAuanBnfDRlYjA4ZWNlNWI5NjVlMzI5ODFhM2ZiMjZkN2FjZTU5YWZlNzMzOGZiMzg0NmRmNDcwMjUwOGQ5ZjcyMGVlNGY
Output Catalog:Online;Resort-MB-Floor-Plan-large-004;8816368189470;image/jpeg;Typical 1-Bedroom Villa;mb_floorplan_001.jpg;8815923822622.jpg;/medias/mb-floorplan-001.jpg?context=bWFzdGVyfHJvb3R8MjU0NzZ8aW1hZ2UvanBlZ3xoMTkvaGQxLzg4MTU5MjM4MjI2MjIuanBnfGI4NTcyMDhiMTZiZGQxZWJiM2ZlMWJkMTA0NWI5MDdmNWRkZTQ3NjliYWVlMTQ5MjJkMGM2MDJkODNmOWE5M2I
Output Catalog:Online;Resort-MY-Floor-Plan-large-002;8816419012638;image/jpeg;Typical Deluxe, Guest Room, 2 Doubles;;8815925592094.jpg;/medias/8802763374622.jpg?context=bWFzdGVyfHJvb3R8Mzc2NzJ8aW1hZ2UvanBlZ3xoZmQvaGRiLzg4MTU5MjU1OTIwOTQuanBnfGZhM2YzY2VjNDljM2E5ZDUwOWY1ZWQ4ZDQ0NGU0ZDIwMDFkMWI1YjAxY2IwM2U4NjBkNzlkMDkwNTJlM2Q1ZjY
Output Catalog:Online;Resort-MY-Floor-Plan-large-005;8816419078174;image/jpeg;Typical Guest Room, 1 King;my_floorplan_005.jpg;8815924707358.jpg;/medias/my-floorplan-005.jpg?context=bWFzdGVyfHJvb3R8MzI5MjB8aW1hZ2UvanBlZ3xoOGEvaDlkLzg4MTU5MjQ3MDczNTguanBnfDIwMzBhNjcwNzQyYzdkZTQwZWI2NWNmODcyMTU4YWRjMjgwMDZkMzhjMjdkOTc5ODdkN2NmZTdiNDQ2NWU4M2E
Output Catalog:Online;Resort-LR-Floor-Plan-large-006;8816420126750;image/jpeg;Typical 2-Bedroom Multilevel Townhome;;8892186689566.jpg;/medias/lr-floorplan-003.jpg?context=bWFzdGVyfGltYWdlc3w2ODk4NXxpbWFnZS9qcGVnfGltYWdlcy9oYzcvaDg5Lzg4OTIxODY2ODk1NjYuanBnfDlhODNmNDY5NjQ2NmFhMWJhY2JhNGE0ZTIzMTJkYzBlZWU3OWI3YjU2Y2Y5MjE5ZDM1YjhjMmM0M2UyYzkyNDg
Output Catalog:Online;Resort-LR-Floor-Plan-large-007;8816420192286;image/jpeg;Typical 3-Bedroom Multilevel Townhome;;8892181839902.jpg;/medias/lr-floorplan-007.jpg?context=bWFzdGVyfGltYWdlc3w1MDUxOXxpbWFnZS9qcGVnfGltYWdlcy9oOTkvaDUxLzg4OTIxODE4Mzk5MDIuanBnfGE3YTZlMDcwM2VjMDk3OTlmYWEwZGFkMjMzN2JmYWZjMzk5NzcyYTNlYjQ5MzdjMGIxNzM2MjkxYjMyNTljODI
Output Catalog:Online;Resort-UV-Floor-Plan-large-002;8816446210078;image/jpeg;Typical 3-Bedroom Villa;;8876990955550.jpg;/medias/8804543528990.jpg?context=bWFzdGVyfGltYWdlc3wzMTA2OXxpbWFnZS9qcGVnfGltYWdlcy9oZGEvaGQ0Lzg4NzY5OTA5NTU1NTAuanBnfGI5NGQ0NGI0ZGY4YmRlMDI1ZjkzOTA3ZTc3M2FhMGM2MjFhMjFhNDA2YmQwNTQ4NmQ2MmE5MzU3ZGVkMjFiNDg
Output Catalog:Online;Resort-TL-Floor-Plan-large-003;8816373727262;image/jpeg;Typical 3-Bedroom Villa;;8877058490398.jpg;/medias/8804611129374.jpg?context=bWFzdGVyfGltYWdlc3wzMjgxNHxpbWFnZS9qcGVnfGltYWdlcy9oMmUvaDgyLzg4NzcwNTg0OTAzOTguanBnfDNlNDc5MGI4YzdlNjIwZDRiNjNkMTRlOGY5MmIzYWU2ODBhYzQ4NDQ0ZTE1MjA4YjQ1OWU5ODE1MWY5YTI2Mjg
Output Catalog:Online;Resort-MC-Floor-Plan-large-002;8816391258142;image/jpeg;Typical 3-Bedroom TownHouse;;8877024575518.jpg;/medias/8804577148958.jpg?context=bWFzdGVyfGltYWdlc3wzMjE1NXxpbWFnZS9qcGVnfGltYWdlcy9oZTUvaGY4Lzg4NzcwMjQ1NzU1MTguanBnfGUzMGI0ZDEyM2UwOTQxOGRiNjBkODhlZjBlYzNlNTZkYmM2OTJlOWEwNjYwMGZhNDM5ZmU4NTIwNDkyMTQ0MmQ
Output Catalog:Online;Resort-CH-Floor-Plan-large-001;8816393977886;image/jpeg;Typical 1-Bedroom Villa;;8877028311070.jpg;/medias/8804580950046.jpg?context=bWFzdGVyfGltYWdlc3wyNTc3MHxpbWFnZS9qcGVnfGltYWdlcy9oOGEvaDUyLzg4NzcwMjgzMTEwNzAuanBnfDhlNjA4NjNmYjFhNjdhZDRiN2E2OWI4NmE3ZDdlOTY4MmRiMmRhMDE0Y2RkNDRjMGNiZTBlNzFhNmZjNGVhNWU
Output Catalog:Online;1623148_ HO_Studio_610x423.jpg;8887392141342;image/jpeg;Typical 1- Studio Suite;Typical 1- Studio Suite;8887390437406.jpg;/medias/1623148-HO-Studio-610x423.jpg?context=bWFzdGVyfGltYWdlc3wzNDE0NXxpbWFnZS9qcGVnfGltYWdlcy9oMmIvaDQyLzg4ODczOTA0Mzc0MDYuanBnfGE5NWFiN2EyMDY5NjVjNmJkNzM4Yjk0ZmYzYzU5NjZkMDc5ZTNjOWJmYjMzOGNlZmI1YmVhODUyMmJhMTk3ZDA
Output Catalog:Online;Resort-KO-Floor-Plan-large-001;8816416194590;image/jpeg;Typical 2-Bedroom Villa;;8877038436382.jpg;/medias/8804591075358.jpg?context=bWFzdGVyfGltYWdlc3wzNDg2OXxpbWFnZS9qcGVnfGltYWdlcy9oYWYvaGI5Lzg4NzcwMzg0MzYzODIuanBnfDg4NDg4MmNlNjk4OTExZmU5MDllOGE5NDUxZTFiODQzY2EzOGY1NjA2MWMzNjMxODE5ZTczYmMyYmQ5NDFiODk
Output Catalog:Online;No-Floorplan-Available-001.jpg;8825694552094;image/jpeg;No-Floorplan-Available.jpg;No-Floorplan-Available.jpg;8825689964574.jpg;/medias/No-Floorplan-Available.jpg?context=bWFzdGVyfGltYWdlc3wxNDE1OHxpbWFnZS9qcGVnfGltYWdlcy9oN2UvaGU5Lzg4MjU2ODk5NjQ1NzQuanBnfGRkYjNmZTNhMTY5NTAzMjk5MDJiMzNhMDEyYzI3ZTk2NzljNDE1OWEwMjc3NDE5NjNkOWExOWFhYjE5ZDZhZDU
Output Catalog:Online;au-floorplan-003.jpg;8886555410462;image/jpeg;Deluxe Suite;Deluxe Suite;8886554886174.jpg;/medias/au-floorplan-003.jpg?context=bWFzdGVyfGltYWdlc3w0NzUyMHxpbWFnZS9qcGVnfGltYWdlcy9oYzcvaDZhLzg4ODY1NTQ4ODYxNzQuanBnfDYyM2Q3Y2NjZGQwMzJhM2E0ZWIxMzVkZjQxZDBmM2Q2NDI1ZGIwZDMyYjQ0ZGE2ZDA2MDNkZDM0ZGYwMTE0NzE
Output Catalog:Online;Typical-1-Bedroom-Apartment.jpg;8900851564574;image/jpeg;Typical 1-Bedroom Apartment;Typical 1-Bedroom Apartment;8900850810910.jpg;/medias/Typical-1-Bedroom-Apartment.jpg?context=bWFzdGVyfGltYWdlc3w1NzI1MHxpbWFnZS9qcGVnfGltYWdlcy9oNTkvaDUzLzg5MDA4NTA4MTA5MTAuanBnfDZmNTI0MjEyNmZiZWVmZTRkZDYwM2JlYmEwZWY2NmZkOTQzZjc4MjUyY2IzNWIwZDA0MmRmNDZmNWI5ZDJiNmM
Output Catalog:Online;Resort-MV-MediaCode-resortMapPDF;8816357113886;application/pdf;;;8877076840478.pdf;/medias/151600-MVL-M-005-SiteMap-LayeredWB.pdf?context=bWFzdGVyfHJvb3R8MTA0MTIzMnxhcHBsaWNhdGlvbi9wZGZ8aDYyL2g3Yy84ODc3MDc2ODQwNDc4LnBkZnw4NTE5MDQ5ZTRlYWUzMWVkOTNlODY3ODQwOWMyYWY0Nzc1MjhjZWM3ZDY0YzNmZWU4MmU0ODk3OGViOWQxMjdm
Output Catalog:Online;Resort-DP-MediaCode-resortMapPDF;8816423010334;application/pdf;;;8877078249502.pdf;/medias/8806557614110.pdf?context=bWFzdGVyfHJvb3R8ODQ4MTEzfGFwcGxpY2F0aW9uL3BkZnxoZDMvaDAyLzg4NzcwNzgyNDk1MDIucGRmfGViODNmMWYxOGRiY2FhYTRlMTg5NDRlMTViODA3YjFkMTVhNmUyZTNmYTVjOTFlOTY3MjQxOTE1YzliNDU0MTk
Output Catalog:Online;Resort-KA-MediaCode-resortMapPDF;8816432087070;application/pdf;;;8890768130078.pdf;/medias/kauaiBeachClubResortMap.pdf?context=bWFzdGVyfHJvb3R8NzUxMzJ8YXBwbGljYXRpb24vcGRmfGg3YS9oNGIvODg5MDc2ODEzMDA3OC5wZGZ8MWQ1NmQ0N2Y2ZGM2ODc2OTJiOGE2MjIxOTY5NDQ5OTE3YWI3YmJiMDVhOGM3NzRkZjg2YWEwYjhjODZhOGFiOQ
Output Catalog:Online;Resort-MA-MediaCode-resortMapPDF;8816434413598;application/pdf;;;8877076578334.pdf;/medias/8806555942942.pdf?context=bWFzdGVyfHJvb3R8NjQ5NDc1fGFwcGxpY2F0aW9uL3BkZnxoNTEvaGI2Lzg4NzcwNzY1NzgzMzQucGRmfDY4OWIwNzNlZGFlOWUwZGMzMjZhMDU3Nzg1MjMwNWYwMDBjYzZiM2QxNjIxZGIyMGY3NzIzMGQ5OWEyMjY2YWM
Output Catalog:Online;Resort-LE-MediaCode-resortMapPDF;8816355639326;application/pdf;;;8877076447262.pdf;/medias/8806555811870.pdf?context=bWFzdGVyfHJvb3R8MjI5MjcwMnxhcHBsaWNhdGlvbi9wZGZ8aGY2L2hiNy84ODc3MDc2NDQ3MjYyLnBkZnxkZWIzNzNlZmQxZDY2N2VhYTEzOTI3MDkzYzc2NzRjYjdmNWViYTM2NTAwMzQ2ZDcwMzJmNjliMWM5YzIyMzUw
Output Catalog:Online;Resort-KN-MediaCode-resortMapPDF;8816366256158;application/pdf;;;8877076185118.pdf;/medias/8806555549726.pdf?context=bWFzdGVyfHJvb3R8NzQ1NDQ4fGFwcGxpY2F0aW9uL3BkZnxoNTcvaDc5Lzg4NzcwNzYxODUxMTgucGRmfGNiYjhjOTJhMjk3ZGJkMjZjMjgwODVhMWRmZjMxMWY0ZTQ1ZDViYmZkOTEyZTljYmIxODNhODhjNTZkYzg2MDI
Output Catalog:Online;Resort-KT-Floor-Plan-large-002;8816358293534;image/jpeg;Typical 2-bedroom Interior Villa;;8877053542430.jpg;/medias/8804606181406.jpg?context=bWFzdGVyfGltYWdlc3wyOTk2MHxpbWFnZS9qcGVnfGltYWdlcy9oNDEvaDQxLzg4NzcwNTM1NDI0MzAuanBnfDNlMGIxMTkxOTI2NWRiMjgzZGUzN2FjNDFmZTFkNjhmMDdlMTY3YTViMWU2YmNlOTNmYmEwZmNmNDI0Y2I4ZDE
Output Catalog:Online;Resort-AC-Floor-Plan-large-002;8816385064990;image/jpeg;Typical 3-Bedroom Villa;;8877020741662.jpg;/medias/8804573315102.jpg?context=bWFzdGVyfGltYWdlc3wyMzA3NnxpbWFnZS9qcGVnfGltYWdlcy9oNTUvaDBkLzg4NzcwMjA3NDE2NjIuanBnfDVhY2Y5MGQ1OTIwMGZmMGZlNDM5NTUzM2QwMWI1NjhlZjY3NzU0NjQ5NmU0MzcwNjdjMjg3MDUzMWUwZmE4Yzk
Output Catalog:Online;Resort-GRC-Floor-Plan-large-003;8816386998302;image/jpeg;Typical 2-Bedroom Villa;;8877000261662.jpg;/medias/8804552835102.jpg?context=bWFzdGVyfGltYWdlc3w0MTI0OXxpbWFnZS9qcGVnfGltYWdlcy9oMTYvaDlhLzg4NzcwMDAyNjE2NjIuanBnfDBmMGRmY2QwNjY4YTdlMTM4ZDE3MDYyYjY1MjBiNjZkZjNhM2U3ZTIyMTk1NjI4YjQ2YTk2ZmEwNTVjMzA1ZjA
Output Catalog:Online;Resort-BP-Floor-Plan-large-001;8816388112414;image/jpeg;Typical 2-Bedroom Villa;;8877023297566.jpg;/medias/8804575871006.jpg?context=bWFzdGVyfGltYWdlc3wzMTI1NHxpbWFnZS9qcGVnfGltYWdlcy9oMDYvaDI1Lzg4NzcwMjMyOTc1NjYuanBnfDMyNjJjZDVhZmVkZGIzODk4YjhjNjQzMmRmMTRhMTdjOTk0OTU4ZTRmZTZlMjQyN2NkMzhjNzA0OTU1ZmM3OTQ
Output Catalog:Online;Resort-RCC-ST-Floor-Plan-large-002;8816422289438;image/jpeg;Typical Three-Bedroom Residence;;8877068517406.jpg;/medias/8804621156382.jpg?context=bWFzdGVyfGltYWdlc3w2NzQ1M3xpbWFnZS9qcGVnfGltYWdlcy9oYWQvaDJhLzg4NzcwNjg1MTc0MDYuanBnfGIzNmVkOTI2YmNhNmFiMWRiYTZlZGMxYjJhNTY3NWMzNzgzOGI5YWVkY2Y2NTRmZjkwZWJmNmFiMDgyM2NlNjE
Output Catalog:Online;Resort-DP-Floor-Plan-large-001;8816423141406;image/jpeg;Typical 2-Bedroom Villa;;8877060358174.jpg;/medias/8804612997150.jpg?context=bWFzdGVyfGltYWdlc3wyOTAwNnxpbWFnZS9qcGVnfGltYWdlcy9oOTcvaGE4Lzg4NzcwNjAzNTgxNzQuanBnfDFlNWQyMmViZTcxY2IwMjViMmI2MjFmYzU1MmRjZmEyMWViMGE5Yjc1ODQxY2IwNGM4ZTA0NTMyMzkyNzgwMTU
Output Catalog:Online;Resort-SR-Floor-Plan-large-002;8816425697310;image/jpeg;Typical 2-Bedroom Villa;;8877017137182.jpg;/medias/8804569710622.jpg?context=bWFzdGVyfGltYWdlc3wzODUyMnxpbWFnZS9qcGVnfGltYWdlcy9oMzEvaDQwLzg4NzcwMTcxMzcxODIuanBnfDA5MjM1NzcxZWI3NTEzMTliYTVlYzNlNzAwYjcwYWU4ODUyMDM1OWNkNTA2MzQzY2JmYjU5YmZkY2YyMzM2ZjY
Output Catalog:Online;Resort-RCC-V-Floor-Plan-large-002;8816372482078;image/jpeg;Typical Two-Bedroom Residence;;8877069303838.jpg;/medias/8804621942814.jpg?context=bWFzdGVyfGltYWdlc3w0NTQxMnxpbWFnZS9qcGVnfGltYWdlcy9oNjYvaGNkLzg4NzcwNjkzMDM4MzguanBnfGVhZmFlYTlkOTYwMGRkZjZlY2VjNTc3N2ZhODc2NWMwNjhkYzdmOTg2NTlhMzc3NGZjNWZmZTcwYTM5MzA5ODQ
Output Catalog:Online;Resort-SU-Floor-Plan-large-001;8816361340958;image/jpeg;Typical 2-Bedroom Villa;;8877055901726.jpg;/medias/8804608540702.jpg?context=bWFzdGVyfGltYWdlc3wzMjQ0MnxpbWFnZS9qcGVnfGltYWdlcy9oYTQvaDgyLzg4NzcwNTU5MDE3MjYuanBnfDNmM2NkYzU5ZmQyOWEwOTY0YmM1MTQ3MDg5OWRkYzNiZjljZTc0ZTUzN2Y5NWJlZmM2MDg2MmQ2ZmEzOGQxNGU
Output Catalog:Online;Resort-AB-Floor-Plan-large-001;8816383852574;image/jpeg;Typical 1-Bedroom Villa;;8877019660318.jpg;/medias/8804572233758.jpg?context=bWFzdGVyfGltYWdlc3wzNTIxMXxpbWFnZS9qcGVnfGltYWdlcy9oNGIvaGE2Lzg4NzcwMTk2NjAzMTguanBnfDdhNDk2Njg3M2RjOTIzNDcyZGQ5ZDYxZWM1NTA0Zjg1NzBhNGMyODAxNDM1M2FmMDQxNzQ1MjFhNTMzYzQyMGM
Output Catalog:Online;3 Bedroom Poolside Villa;8866166636574;image/jpeg;3 Bedroom Poolside Villa;3 Bedroom Poolside Villa;8906149822494.jpg;/medias/za-floorplan-006.jpg?context=bWFzdGVyfGltYWdlc3w2ODE2NXxpbWFnZS9qcGVnfGltYWdlcy9oZWMvaGU1Lzg5MDYxNDk4MjI0OTQuanBnfGY5NGU4YjRlY2RkYWViOTQ2NTk3NDZkOTIxMDc5NzdkMzZjYmNiODY4Zjk2Mzc3MTg2ZWNkOTVhNDJhZjNjMGM
Output Catalog:Online;Resort-DE-Floor-Plan-large-001;8816405282846;image/jpeg;Typical 2-Bedroom Villa;;8877006028830.jpg;/medias/8804558602270.jpg?context=bWFzdGVyfGltYWdlc3wzMDA2NXxpbWFnZS9qcGVnfGltYWdlcy9oMDYvaDY3Lzg4NzcwMDYwMjg4MzAuanBnfGNkMzU3ZDAyNjU4ZjBiODhkNjkwOGE0OWFlMmExYzM2YmNhZmYyNzJhYTI2ZWFiMWQ5YzM0ZmJiZWI3ZGIwZWQ
Output Catalog:Online;au_floorplan_002.jpg;8843378655262;image/jpeg;Deluxe Guestroom;Deluxe Guestroom;8843378163742.jpg;/medias/au-floorplan-002.jpg?context=bWFzdGVyfGltYWdlc3wzNDk5MXxpbWFnZS9qcGVnfGltYWdlcy9oMDMvaGRiLzg4NDMzNzgxNjM3NDIuanBnfDg1MThjNjFhYjc1ZDQzNDBiOTQxOGRkMGYzZWZmYzljMzE5ZjVjZTI5MTFmY2JkZGMxMWFhZTYxZjg3NmY2M2Q
Output Catalog:Online;Typical-2-Bedroom-Apartment-Twin.jpg;8900851630110;image/jpeg;Typical 2-Bedroom Apartment Twin;Typical 2-Bedroom Apartment Twin;8900850941982.jpg;/medias/Typical-2-Bedroom-Apartment-Twin.jpg?context=bWFzdGVyfGltYWdlc3wxMTQ4MTR8aW1hZ2UvanBlZ3xpbWFnZXMvaDY1L2g5ZC84OTAwODUwOTQxOTgyLmpwZ3xlZmY5NDJhOWUxMTUxOTBjN2ExMTkyNzRlODViODEyNWMxZDUxYjM0YTViOTE3MzA2MmZhMDcxNjUxN2IxZGE5
Output Catalog:Online;Resort-KT-MediaCode-resortMapPDF;8816358162462;application/pdf;;;8877077594142.pdf;/medias/8806556958750.pdf?context=bWFzdGVyfHJvb3R8MTYxMzgyMXxhcHBsaWNhdGlvbi9wZGZ8aDE4L2hiNS84ODc3MDc3NTk0MTQyLnBkZnwzNDI2OTM5NGNmNDc3MTVjZDQ1NDg4ZWU0NTFjYjhmNGZjMjkwYTQyYTBmY2M2ODhhMTMyODJjOTk1ODY3ODdl
Output Catalog:Online;Resort-BP-MediaCode-resortMapPDF;8816387948574;application/pdf;;;8877074677790.pdf;/medias/8806554042398.pdf?context=bWFzdGVyfHJvb3R8MzkyOTgwfGFwcGxpY2F0aW9uL3BkZnxoZDgvaDM1Lzg4NzcwNzQ2Nzc3OTAucGRmfDg0MDQ0Y2M0ZTY3MTk3ZGE5YzkxYjgwZTQ4ZmI5YzMyMDYxMjhlY2YzMWViMmM0YTY4ODcyMzhlNjY3OWZlNTQ
Output Catalog:Online;Resort-SF-MediaCode-resortMapPDF;8816451387422;application/pdf;;;8890269401118.pdf;/medias/SFW-M-003-SiteMap-WB.pdf?context=bWFzdGVyfHJvb3R8MzU2NjM1N3xhcHBsaWNhdGlvbi9wZGZ8aDYyL2hmMi84ODkwMjY5NDAxMTE4LnBkZnw2YTQ0ZTMwNzFkYWVjMjliYTAxMjg3YTE2NGZiMmQ2ZGFjMTNjNGUzN2ZjMzdhNTA2OTJmNWM5ZGM3YjdjNWQw
Output Catalog:Online;Resort-MB-MediaCode-resortMapPDF;8816368025630;application/pdf;;;8877072449566.pdf;/medias/8806551814174.pdf?context=bWFzdGVyfHJvb3R8MTAwNjk4OHxhcHBsaWNhdGlvbi9wZGZ8aDJiL2hlZS84ODc3MDcyNDQ5NTY2LnBkZnwzZWFkNDNjMWVhYjFhYTQ3MmNlMmRhYjZhNjZjNzk5MmRjMTgwNzQxNzJlYmRiZTkwMGRmN2M5YzkxNTgyNmFk
Output Catalog:Online;Resort-SA-MediaCode-resortMapPDF;8816441294878;application/pdf;;;8883300073502.pdf;/medias/sabalPalmsResortMap.pdf?context=bWFzdGVyfHJvb3R8MjQ2OTMwfGFwcGxpY2F0aW9uL3BkZnxoOTIvaDRlLzg4ODMzMDAwNzM1MDIucGRmfDA1OWMwZjNlYjQ2Yzk1MWI0NTc5YWExOWQwMjJhNDBlM2I5ZjdkYzQ0MWQ5YTFkZDJmOTI3OWUxOWNmMWRhMGU
Output Catalog:Online;150460_LE-M-003_SiteMap_LayeredWB.pdf;8918779297822;application/pdf;150460_LE-M-003_SiteMap_LayeredWB.pdf;150460_LE-M-003_SiteMap_LayeredWB.pdf;8918778773534.pdf;/medias/150460-LE-M-003-SiteMap-LayeredWB.pdf?context=bWFzdGVyfGltYWdlc3wxMzM0ODMwfGFwcGxpY2F0aW9uL3BkZnxpbWFnZXMvaGY0L2g4ZS84OTE4Nzc4NzczNTM0LnBkZnw5NzI1NTY5YTkyNjI0ZDZhYTZjNGM0MGE4MmQxMDQ2NWU2MDI0NmFiN2JiZTA3MjNjMzFmNmRjMWQ2NGYwNzFm
Output Catalog:Online;Resort-SU-MediaCode-resortMapPDF;8816361209886;application/pdf;;;8877077856286.pdf;/medias/8806557220894.pdf?context=bWFzdGVyfHJvb3R8Mjc4NzUyfGFwcGxpY2F0aW9uL3BkZnxoZTkvaDFiLzg4NzcwNzc4NTYyODYucGRmfGVhZDE1YTMxMzE3ZDEzM2JkNGM5MmRkMzUxYWZiYmQzYTkyZjg0ODNiMjkwYWIxODE3OTBlN2QzMWUxMmJhNGY
Output Catalog:Online;Resort-FW-MediaCode-resortMapPDF;8816407347230;application/pdf;;;8890769080350.pdf;/medias/fairwayVillasResortMap.pdf?context=bWFzdGVyfHJvb3R8MTkyMzY3fGFwcGxpY2F0aW9uL3BkZnxoZTcvaDA5Lzg4OTA3NjkwODAzNTAucGRmfDk1YzQ0MWY1NTY1MTg1NDc2MjZkYzUyN2YzMWE0OWMzNTVjYTQ5M2VlZTA2Mjg3ZWM2YzJmNjk4MDQyZTRmOWY
Output Catalog:Online;surfersParadiseResortMap.pdf;8913922228254;application/pdf;surfersParadiseResortMap.pdf;surfersParadiseResortMap.pdf;8913921835038.pdf;/medias/surfersParadiseResortMap.pdf?context=bWFzdGVyfGltYWdlc3w5MDEwMXxhcHBsaWNhdGlvbi9wZGZ8aW1hZ2VzL2hiNC9oMjUvODkxMzkyMTgzNTAzOC5wZGZ8Mzc5ODY5YTNhNWMyZjhmZmI2YTBlYzgwYzQxMmJiZmViYmJjNjljNTA3YmY3MGI2ZDM5MzM3YThkODU3M2E1ZQ
