# catalogVersion;syncItemKey;pk;villaOptionTitle;villaOptionTabOrder;villaTypeHeading;villaTypeDescription;villaAmenitiesHeading;villaAdditionalServices;villaAmenitiesDescription;villaGeneralAmenities;villaKitchenAmenities;villaOptionAccomodationHeading;villaOptionAccomodationOverview;villaOptionDiningHeading;villaOptionDiningOverview;villaOptionDisclaimer;villaOptionSummary;vilaAmenities
Output Catalog:Online;VillaOptions_00056_Options_2;8796436381314;;;3-Bedroom Villa;3 bedrooms 3 baths;;"<ul class=""""contentToggle closed""""><li>Portable pack and play</li><li>Foam pillows</li><li>Additional serviceware</li></ul>";;"<span class=""""visible-md visible-lg"""">Making your home away from home comfortable</span></p><ul class=""""contentToggle open""""><li>Alarm clock</li><li>Coffee maker</li><li>Iron/ Iron board</li><li>Pillows: Down/Feather</li><li>Pull out sofa bed</li></ul>";"<span class=""""visible-md visible-lg"""">Making in-room cooking and dining convenient</span></p><ul class=""contentToggle closed""><li>Conventional oven</li><li>Stove</li><li>Refrigerator with icemaker</li><li>Dishwasher</li><li>Microwave oven</li><li>Toaster</li><li>Coffee Pot</li><li>Pots, pans, serving dishes</li><li>Silverware and Dishware</li></ul>";;;;;;;8796436217474
Output Catalog:Online;VillaOptions_00025_Options_1;8796442148482;;;1-Bedroom Villa;1 bedroom 1 bath;;"<ul class=""""contentToggle closed""""><li>Portable pack and play</li><li>Foam pillows</li><li>Additional serviceware</li></ul>";;"<span class=""""visible-md visible-lg"""">Making your home away from home comfortable</span></p><ul class=""""contentToggle open""""><li>Alarm clock</li><li>Coffee maker</li><li>Iron/ Iron board</li><li>Pillows: Down/Feather</li><li>Pull out sofa bed</li></ul>";"<span class=""""visible-md visible-lg"""">Making in-room cooking and dining convenient</span></p><ul class=""""contentToggle closed""""><li>Conventional oven</li><li>Stove</li><li>Refrigerator with icemaker</li><li>Dishwasher</li><li>Microwave oven</li><li>Toaster</li><li>Coffee Pot</li><li>Pots, pans, serving dishes</li><li>Silverware and Dishware</li></ul>";;;;;;One-Bedroom Apartment 1-bedroom/1-bath apartment Approximately 84 square meters Sleeps 4. Two-Bedroom Apartment 2-bedroom/2-bath apartment Approximately 109 square meters Sleeps 6. Three-Bedroom Apartment 3-bedroom/3-bath Approximately 142 square meters Sleeps 8;8796442115714
Output Catalog:Online;VillaOptions_00039_Options_1;8796427533954;;;2-Bedroom Exterior Villa;2 bedrooms 2 baths;;;;;;;;;;;;8796427501186
Output Catalog:Online;VillaOptions_00018_Options_1;8796497886850;;;2-Bedroom Villa;2 bedrooms 2 baths;;"<ul class=""""contentToggle closed""""><li>Portable pack and play</li><li>Foam pillows</li><li>Additional serviceware</li></ul>";;"<span class=""""visible-md visible-lg"""">Making your home away from home comfortable</span></p><ul class=""""contentToggle open""""><li>Alarm clock</li><li>Coffee maker</li><li>Iron/ Iron board</li><li>Pillows: Down/Feather</li><li>Pull out sofa bed</li></ul>";"<span class=""""visible-md visible-lg"""">Making in-room cooking and dining convenient</span></p><ul class=""""contentToggle closed""""><li>Conventional oven</li><li>Stove</li><li>Refrigerator with icemaker</li><li>Dishwasher</li><li>Microwave oven</li><li>Toaster</li><li>Coffee Pot</li><li>Pots, pans, serving dishes</li><li>Silverware and Dishware</li></ul>";;;;;;Two-Bedroom/Two-Bath Villa, Approximately 909-1,220 square feet, Sleeps 6;8796497854082
Output Catalog:Online;VillaOptions_00022_Options_6;8796508864130;;;Typical 3-Bedroom Multilevel Townhome;3 bedrooms 3 baths;;;;;;;;;;;;8796508831362
Output Catalog:Online;VillaOptions_00011_Options_1;8796477374082;;;2-Bedroom Villa;2 bedrooms 2 baths;;"<ul class=""""contentToggle closed""""><li>Portable pack and play</li><li>Foam pillows</li><li>Additional serviceware</li></ul>";;"<span class=""""visible-md visible-lg"""">Making your home away from home comfortable</span></p><ul class=""""contentToggle open""""><li>Alarm clock</li><li>Coffee maker</li><li>Iron/ Iron board</li><li>Pillows: Down/Feather</li><li>Pull out sofa bed</li></ul>";"<span class=""""visible-md visible-lg"""">Making in-room cooking and dining convenient</span></p><ul class=""contentToggle closed""><li>Conventional oven</li><li>Stove</li><li>Refrigerator with icemaker</li><li>Dishwasher</li><li>Microwave oven</li><li>Toaster</li><li>Coffee Pot</li><li>Pots, pans, serving dishes</li><li>Silverware and Dishware</li></ul>";;;;;;Typical Two-Bedroom Villa Photo Gallery- 2-bedroom/2-bath villa- Approximately 1,400 square feet- Sleeps 8;8796477341314
Output Catalog:Online;VillaOptions_00044_Options_2;8796539141762;;;Three-Bedroom Residence;;;;;;;;;;;;;8796539043458
Output Catalog:Online;VillaOptions_00024_Options_1;8796528262786;;;2-Bedroom Villa;2 bedrooms 2 baths;;"<ul class=""""contentToggle closed""""><li>Portable pack and play</li><li>Foam pillows</li><li>Additional serviceware</li></ul>";;"<span class=""""visible-md visible-lg"""">Making your home away from home comfortable</span></p><ul class=""""contentToggle open""""><li>Alarm clock</li><li>Coffee maker</li><li>Iron/ Iron board</li><li>Pillows: Down/Feather</li><li>Pull out sofa bed</li></ul>";"Making in-room cooking and dining convenient</span></p><ul class=""""contentToggle closed""""><li>Conventional oven</li><li>Stove</li><li>Refrigerator with icemaker</li><li>Dishwasher</li><li>Microwave oven</li><li>Toaster</li><li>Coffee Pot</li><li>Pots, pans, serving dishes</li><li>Silverware and Dishware</li></ul>";;;;;;Two-bedroom Villa - 2-bedroom/2-bath villa -  Approximately 1,365 square feet - Sleeps 6;8796528230018
Output Catalog:Online;VillaOptions_00007_Options_2;8796472360578;;;3-Bedroom TownHouse;3 bedrooms 2 baths;;"<ul class=""""contentToggle closed""""><li>Portable pack and play</li><li>Foam pillows</li><li>Additional serviceware</li></ul>";;"<span class=""""visible-md visible-lg"""">Making your home away from home comfortable</span></p><ul class=""""contentToggle open""""><li>Alarm clock</li><li>Coffee maker</li><li>Iron/ Iron board</li><li>Pillows: Down/Feather</li><li>Pull out sofa bed</li></ul>";"<span class=""""visible-md visible-lg"""">Making in-room cooking and dining convenient</span></p><ul class=""contentToggle closed""><li>Conventional oven</li><li>Stove</li><li>Refrigerator with icemaker</li><li>Dishwasher</li><li>Microwave oven</li><li>Toaster</li><li>Coffee Pot</li><li>Pots, pans, serving dishes</li><li>Silverware and Dishware</li></ul>";;;;;;Two-bedroom Townhouse-  2-bedroom/2-bath townhouse-  Approximately 88 square meters-  Sleeps 6 .Three-bedroom Townhouse-  3-bedroom/2-bath townhouse-  Approximately 110 square meters-  Sleeps 8;8796472196738
Output Catalog:Online;SD-VillaAmenities-KingSuite-001;8796727066242;;;King Suite;;;;;;;;;;;;;8796727033474
Output Catalog:Online;VillaOptions_00057_Options_1;8796480847490;;;Molokai, Maui & Lanai Wings;;;;;;;;;;;;;8796480814722
Output Catalog:Online;VillaOptions_00004_Options_1;8796482682498;;;2-Bedroom Villa;2 bedrooms 2 baths;;"<ul class=""""contentToggle closed""""><li>Portable pack and play</li><li>Foam pillows</li><li>Additional serviceware</li></ul>";;"<span class=""""visible-md visible-lg"""">Making your home away from home comfortable</span></p><ul class=""""contentToggle open""""><li>Alarm clock</li><li>Coffee maker</li><li>Iron/ Iron board</li><li>Pillows: Down/Feather</li><li>Pull out sofa bed</li></ul>";"<span class=""""visible-md visible-lg"""">Making in-room cooking and dining convenient</span></p><ul class=""contentToggle closed""><li>Conventional oven</li><li>Stove</li><li>Refrigerator with icemaker</li><li>Dishwasher</li><li>Microwave oven</li><li>Toaster</li><li>Coffee Pot</li><li>Pots, pans, serving dishes</li><li>Silverware and Dishware</li></ul>";;;;;;;8796482649730
Output Catalog:Online;VillaOptions_00017_Options_1;8796496182914;;;1-Bedroom Villa;1 bedroom 1 bath;;"<ul class=""""contentToggle closed""""><li>Portable pack and play</li><li>Foam pillows</li><li>Additional serviceware</li></ul>";;"<span class=""""visible-md visible-lg"""">Making your home away from home comfortable</span></p><ul class=""""contentToggle open""""><li>Alarm clock</li><li>Coffee maker</li><li>Iron/ Iron board</li><li>Pillows: Down/Feather</li><li>Pull out sofa bed</li></ul>";"<span class=""""visible-md visible-lg"""">Making in-room cooking and dining convenient</span></p><ul class=""""contentToggle closed""""><li>Conventional oven</li><li>Stove</li><li>Refrigerator with icemaker</li><li>Dishwasher</li><li>Microwave oven</li><li>Toaster</li><li>Coffee Pot</li><li>Pots, pans, serving dishes</li><li>Silverware and Dishware</li></ul>";;;;;;Typical One-Bedroom Villa, Photo Gallery- 1-bedroom/1-bath villa- Approximately 800 square feet- Sleeps 4. Typical Two-bedroom Villa, Photo Gallery- 2-bedroom/2-bath villa- Approximately 1,074 square feet- Sleeps 8;8796496150146
Output Catalog:Online;BK-villaAmenities-1BedRoomVilla-001;8797313351298;;;1-Bedroom Villa;1 bedroom 1 bath;;;;;;;;;;;;8797313318530
Output Catalog:Online;VillaOptions_00049_Options_1;8796448374402;;;1-Bedroom Villa;1 bedroom 1 bath;;"<ul class=""""contentToggle closed""""><li>Portable pack and play</li><li>Foam pillows</li><li>Additional serviceware</li></ul>";;"<span class=""""visible-md visible-lg"""">Making your home away from home comfortable</span></p><ul class=""""contentToggle open""""><li>Alarm clock</li><li>Coffee maker</li><li>Iron/ Iron board</li><li>Pillows: Down/Feather</li><li>Pull out sofa bed</li></ul>";"<span class=""""visible-md visible-lg"""">Making in-room cooking and dining convenient</span></p><ul class=""""contentToggle closed""""><li>Conventional oven</li><li>Stove</li><li>Refrigerator with icemaker</li><li>Dishwasher</li><li>Microwave oven</li><li>Toaster</li><li>Coffee Pot</li><li>Pots, pans, serving dishes</li><li>Silverware and Dishware</li></ul>";;;;;;One-Bedroom/One-Bath villa, Approximately 835 square feet, Sleeps 4. Two-Bedroom/Two-Bath villa, Approximately 1,174 square feet, Sleeps 8. Three-Bedroom/Three-Bath villa, Approximately 1,582 square feet, Sleeps 10;8796448341634
Output Catalog:Online;VillaOptions_00040_Options_1;8796429532802;;1;BIRCH;;;"<ul class=""""contentToggle closed""""><li>Portable pack and play</li><li>Foam pillows</li><li>Additional serviceware</li></ul>";;"<span class=""""visible-md visible-lg"""">Making your home away from home comfortable</span></p><ul class=""""contentToggle open""""><li>Alarm clock</li><li>Coffee maker</li><li>Iron/ Iron board</li><li>Pillows: Down/Feather</li><li>Pull out sofa bed</li></ul>";"<span class=""""visible-md visible-lg"""">Making in-room cooking and dining convenient</span></p><ul class=""""contentToggle closed""""><li>Conventional oven</li><li>Stove</li><li>Refrigerator with icemaker</li><li>Dishwasher</li><li>Microwave oven</li><li>Toaster</li><li>Coffee Pot</li><li>Pots, pans, serving dishes</li><li>Silverware and Dishware</li></ul>";;;;;;Typical 2-Bedroom Villa-  2-bedroom/2-bath villa- Approximately 914 square feet- Sleeps 6;8796429368962
Output Catalog:Online;VillaOptions_00043_Options_1;8796550708866;;;2-Bedroom Villa;2 bedrooms 2 baths;;"<ul contenttoggle=""""><li>Portable pack and play</li><li>Foam pillows</li><li>Additional serviceware</li></ul>";;"<p><span visible-md="""">Making your home away from home comfortable</span></p><p>&nbsp;</p><ul contenttoggle=""""><li>Alarm clock</li><li>Coffee maker</li><li>Iron/ Iron board</li><li>Pillows: Down/Feather</li><li>Pull out sofa bed</li></ul>";"<p><span visible-md="""">Making in-room cooking and dining convenient</span></p><p>&nbsp;</p><ul contenttoggle=""""><li>Conventional oven</li><li>Stove</li><li>Refrigerator with icemaker</li><li>Dishwasher</li><li>Microwave oven</li><li>Toaster</li><li>Coffee Pot</li><li>Pots, pans, serving dishes</li><li>Silverware and Dishware</li></ul>";;;;;;Two-bedroom Villa, 2-bedroom/2-bath villa, Approximately 1,275 square feet, Sleeps 8. Three-bedroom Villa, 3-bedroom/3-bath villa, Approximately 1,575 square feet, Sleeps 12;8796550676098
Output Catalog:Online;VillaOptions_00002_Options_2;8796460793474;;;2-Bedroom Villa;2 bedrooms 2 baths;;"<ul class=""""contentToggle closed""""><li>Portable pack and play</li><li>Foam pillows</li><li>Additional serviceware</li></ul>";;"<span class=""""visible-md visible-lg"""">Making your home away from home comfortable</span></p><ul class=""""contentToggle open""""><li> Alarm clock</li><li> Coffee maker</li><li> Iron/ Iron board</li><li> Pillows: Down/Feather</li><li> Pull out sofa bed</li></ul>";"<span class=""""visible-md visible-lg"""">Making in-room cooking and dining convenient</span></p><ul class=""contentToggle closed""><li>Conventional oven</li><li>Stove</li><li>Refrigerator with icemaker</li><li>Dishwasher</li><li>Microwave oven</li><li>Toaster</li><li>Coffee Pot</li><li>Pots, pans, serving dishes</li><li>Silverware and Dishware</li></ul>";;;;;;One-bedroom Villa - 1-bedroom/1-bath villa - Approximately 923 square feet - Sleeps 4.Two-bedroom Villa- 2-bedroom/2-bath villa- Approximately 1,239 square feet - Sleeps 8;8796460760706
Output Catalog:Online;VillaOptions_00058_Option_1;8796505915010;Guest Room, 2 Doubles;;Guest Room, 2 Doubles;;;Room Entertainment:<li>Satellite TV</li><li>Movies, videos, pay-per-view</li>;;General Amenities:<li>Air conditioning</li><li>Alarm clock</li><li>Crib/playard (upon request)</li><li>Electrical adapters (upon request)</li><li>Individual climate control</li><li>Iron and ironing board</li><li>Luxurious bedding — down comforters and cotton-rich linens</li><li>Mini refrigerator</li><li>Pillows: down/feather/foam</li><li>Rollaway bed (upon request)</li><li>Safe</li>;Bathroom Amenities<li>Bathrobe</li><li>Hair dryer</li>;;;;;;;8796505620098
Output Catalog:Online;VillaOptions_00058_Option_5;8796506177154;Guest Room, 1 King;;Guest Room, 1 King;;;Room Entertainment:<li>Satellite TV</li><li>Movies, videos, pay-per-view</li>;;General Amenities:<li>Air conditioning</li><li>Alarm clock</li><li>Crib/playard (upon request)</li><li>Electrical adapters (upon request)</li><li>Individual climate control</li><li>Iron and ironing board</li><li>Luxurious bedding — down comforters and cotton-rich linens</li><li>Mini refrigerator</li><li>Pillows: down/feather/foam</li><li>Rollaway bed (upon request)</li><li>Safe</li>;Bathroom Amenities<li>Bathrobe</li><li>Hair dryer</li>;;;;;;;8796505620098
Output Catalog:Online;Villa_Amenities_2-bedroom;8796464725634;;3;Typical 2-Bedroom Villa;;;;;;;;;;;;;8796464692866
Output Catalog:Online;Villa_Amenities_Studio;8796465020546;;4;Typical Studio;;;;;;;;;;;;;8796464692866
Output Catalog:Online;VillaOptions_00037_Options_1;8796536880770;;;2-Bedroom Villa;2 bedrooms 2 baths;;"<ul class=""""contentToggle closed""""><li>Portable pack and play</li><li>Foam pillows</li><li>Additional serviceware</li></ul>";;"<span class=""""visible-md visible-lg"""">Making your home away from home comfortable</span></p><ul class=""""contentToggle open""""><li>Alarm clock</li><li>Coffee maker</li><li>Iron/ Iron board</li><li>Pillows: Down/Feather</li><li>Pull out sofa bed</li></ul>";"<span class=""""visible-md visible-lg"""">Making in-room cooking and dining convenient</span></p><ul class=""""contentToggle closed""""><li>Conventional oven</li><li>Stove</li><li>Refrigerator with icemaker</li><li>Dishwasher</li><li>Microwave oven</li><li>Toaster</li><li>Coffee Pot</li><li>Pots, pans, serving dishes</li><li>Silverware and Dishware</li></ul>";;;;;;Typical Two-Bedroom Villa, Photo Gallery- 2-bedroom/2-bath villa- Approximately 1,360 square feet- Sleeps 6;8796536848002
Output Catalog:Online;VillaOptions_00046_Options_3;8796537929346;;;Three-Bedroom Residence;;;;;;;;;;;;;8796537896578
Output Catalog:Online;2-Bedroom-Standard-Villa;8797969989250;;;2-Bedroom Standard Villa;2 bedrooms 2 baths;;;;;;;;;;;;8796484845186
Output Catalog:Online;VillaOptions_00008_Options_2;8796485009026;;;2-Bedroom Middle Villa;2 bedrooms 2 baths;;"<ul class=""""contentToggle closed""""><li>Portable pack and play</li><li>Foam pillows</li><li>Additional serviceware</li></ul>";;"<span class=""""visible-md visible-lg"""">Making your home away from home comfortable</span></p><ul class=""""contentToggle open""""><li>Alarm clock</li><li>Coffee maker</li><li>Iron/ Iron board</li><li>Pillows: Down/Feather</li><li>Pull out sofa bed</li></ul>";"<span class=""""visible-md visible-lg"""">Making in-room cooking and dining convenient</span></p><ul class=""contentToggle closed""><li>Conventional oven</li><li>Stove</li><li>Refrigerator with icemaker</li><li>Dishwasher</li><li>Microwave oven</li><li>Toaster</li><li>Coffee Pot</li><li>Pots, pans, serving dishes</li><li>Silverware and Dishware</li></ul>";;;;;;Typical 2-Bedroom Villa, Photo Gallery 2-bedroom/2-bath- Approximately 1,175 square feet- Sleeps 8, Typical 2-Bedroom Middle Villa, Photo Gallery- 2-bedroom/2-bath- Approximately 1,068 square feet- Sleeps 8 Typical 3-Bedroom Penthouse, Photo Gallery- 3-bedroom/3-bath- Approximately 1,768 square feet- Sleeps 10;8796484845186
Output Catalog:Online;3-Bedroom-Island-Side-Villa;8797970120322;;;3-Bedroom Island Side Villa;3 bedrooms 3 baths;;;;;;;;;;;;8796484845186
Output Catalog:Online;VillaOptions_00038_Options_2;8796517121666;;;2-Bedroom Villa;2 bedrooms 2 baths;;"<ul class=""""contentToggle closed""""><li>Portable pack and play</li><li>Foam pillows</li><li>Additional serviceware</li></ul>";;"<span class=""""visible-md visible-lg"""">Making your home away from home comfortable</span></p><ul class=""""contentToggle open""""><li>Alarm clock</li><li>Coffee maker</li><li>Iron/ Iron board</li><li>Pillows: Down/Feather</li><li>Pull out sofa bed</li></ul>";"<span class=""""visible-md visible-lg"""">Making in-room cooking and dining convenient</span></p><ul class=""""contentToggle closed""""><li>Conventional oven</li><li>Stove</li><li>Refrigerator with icemaker</li><li>Dishwasher</li><li>Microwave oven</li><li>Toaster</li><li>Coffee Pot</li><li>Pots, pans, serving dishes</li><li>Silverware and Dishware</li></ul>";;;;;;Typical One-Bedroom Villa, Photo Gallery- 1-bedroom/1-bath villa- Approximately 825 square feet- Sleeps 4. Typical Two-Bedroom, Photo Gallery- 2-bedroom/2-bath villa- Approximately 1,250 square feet- Sleeps 8;8796516957826
Output Catalog:Online;VillaOptions_00016_Options_1;8796520726146;;;2-Bedroom Villa;2 bedrooms 2 baths;;"<ul class=""""contentToggle closed""""><li>Portable pack and play</li><li>Foam pillows</li><li>Additional serviceware</li></ul>";;"<span class=""""visible-md visible-lg"""">Making your home away from home comfortable</span></p><ul class=""""contentToggle open""""><li>Alarm clock</li><li>Coffee maker</li><li>Iron/ Iron board</li><li>Pillows: Down/Feather</li><li>Pull out sofa bed</li></ul>";"<span class=""""visible-md visible-lg"""">Making in-room cooking and dining convenient</span></p><ul class=""""contentToggle closed""""><li>Conventional oven</li><li>Stove</li><li>Refrigerator with icemaker</li><li>Dishwasher</li><li>Microwave oven</li><li>Toaster</li><li>Coffee Pot</li><li>Pots, pans, serving dishes</li><li>Silverware and Dishware</li></ul>";;;;;;Two-Bedroom/Two-Bath Villa Approximately 1,465 square feet Sleeps 8;8796520693378
Output Catalog:Online;VillaOptions_00051_Options_1;8796458794626;;;2-Bedroom Villa;2 bedrooms 2 baths;;"<ul class=""""contentToggle closed""""><li>Portable pack and play</li><li>Foam pillows</li><li>Additional serviceware</li></ul>";;"<span class=""""visible-md visible-lg"""">Making your home away from home comfortable</span></p><ul class=""""contentToggle open""""><li>Alarm clock</li><li>Coffee maker</li><li>Iron/ Iron board</li><li>Pillows: Down/Feather</li><li>Pull out sofa bed</li></ul>";"<span class=""""visible-md visible-lg"""">Making in-room cooking and dining convenient</span></p><ul class=""""contentToggle closed""""><li>Conventional oven</li><li>Stove</li><li>Refrigerator with icemaker</li><li>Dishwasher</li><li>Microwave oven</li><li>Toaster</li><li>Coffee Pot</li><li>Pots, pans, serving dishes</li><li>Silverware and Dishware</li></ul>";;;;;;Two-Bedroom/Two-Bath Villa, Approximately 1,208 square feet, Sleeps 8;8796458761858
Output Catalog:Online;VillaOptions_00009_Options_1;8796474392194;;;1-Bedroom Suite;1 bedroom 1 bath;;"<ul class=""""contentToggle closed""""><li>Portable pack and play</li><li>Foam pillows</li><li>Additional serviceware</li></ul>";;"<span class=""""visible-md visible-lg"""">Making your home away from home comfortable</span></p><ul class=""""contentToggle open""""><li>Alarm clock</li><li>Coffee maker</li><li>Iron/ Iron board</li><li>Pillows: Down/Feather</li><li>Pull out sofa bed</li></ul>";"<span class=""""visible-md visible-lg"""">Making in-room cooking and dining convenient</span></p><ul class=""contentToggle closed""><li>Mini Refrigerator</li><li>Dishwasher</li><li>Microwave oven</li><li>Toaster</li><li>Coffee Pot</li><li>Silverware and Dishware</li></ul>";;;;;;One-bedroom Suite - 1-bedroom/1-bath - Approximately 600 square feet- Sleeps 4;8796474359426
Output Catalog:Online;VillaOptions_00032_Options_1;8796500934274;;;2-Bedroom Villa;2 bedrooms 2 baths;;"<ul class=""""contentToggle closed""""><li>Portable pack and play</li><li>Foam pillows</li><li>Additional serviceware</li></ul>";;"<span class=""""visible-md visible-lg"""">Making your home away from home comfortable</span></p><ul class=""""contentToggle open""""><li>Alarm clock</li><li>Coffee maker</li><li>Iron/ Iron board</li><li>Pillows: Down/Feather</li><li>Pull out sofa bed</li></ul>";"<span class=""""visible-md visible-lg"""">Making in-room cooking and dining convenient</span></p><ul class=""""contentToggle closed""""><li>Conventional oven</li><li>Stove</li><li>Refrigerator with icemaker</li><li>Dishwasher</li><li>Microwave oven</li><li>Toaster</li><li>Coffee Pot</li><li>Pots, pans, serving dishes</li><li>Silverware and Dishware</li></ul>";;;;;;Two-bedroom Villa, 2-bedroom/2-bath villa, Approximately 1,156 square feet, Sleeps 8;8796500901506
Output Catalog:Online;VillaOptions_00054_Options_1;8796543565442;;;2-Bedroom Villa;;;"<ul class=""""contentToggle closed""""><li>Portable pack and play</li><li>Foam pillows</li><li>Additional serviceware</li></ul>";;"<span class=""""visible-md visible-lg"""">Making your home away from home comfortable</span></p><ul class=""""contentToggle open""""><li>Alarm clock</li><li>Coffee maker</li><li>Iron/ Iron board</li><li>Pillows: Down/Feather</li><li>Pull out sofa bed</li></ul>";"<span class=""""visible-md visible-lg"""">Making in-room cooking and dining convenient</span></p><ul class=""contentToggle closed""><li>Conventional oven</li><li>Stove</li><li>Refrigerator with icemaker</li><li>Dishwasher</li><li>Microwave oven</li><li>Toaster</li><li>Coffee Pot</li><li>Pots, pans, serving dishes</li><li>Silverware and Dishware</li></ul>";;;;;;;8796543532674
Output Catalog:Online;VillaOptions_00055_Options_3;8796546416258;;;3-Bedroom Villa;;;"<ul class=""""contentToggle closed""""><li>Portable pack and play</li><li>Foam pillows</li><li>Additional serviceware</li></ul>";;"<span class=""""visible-md visible-lg"""">Making your home away from home comfortable</span></p><ul class=""""contentToggle open""""><li>Alarm clock</li><li>Coffee maker</li><li>Iron/ Iron board</li><li>Pillows: Down/Feather</li><li>Pull out sofa bed</li></ul>";"<span class=""""visible-md visible-lg"""">Making in-room cooking and dining convenient</span></p><ul class=""contentToggle closed""><li>Conventional oven</li><li>Stove</li><li>Refrigerator with icemaker</li><li>Dishwasher</li><li>Microwave oven</li><li>Toaster</li><li>Coffee Pot</li><li>Pots, pans, serving dishes</li><li>Silverware and Dishware</li></ul>";;;;;;;8796546121346
Output Catalog:Online;au-resortVillaAmenities-option-generalAmenities-001;8796850470530;;;Suites;;;;;;;;;;;;;8796850339458
Output Catalog:Online;VillaOptions_00049_Options_2;8796448636546;;;2-Bedroom Villa;2 bedrooms 2 baths;;;;;;;;;;;;8796448341634
Output Catalog:Online;VillaOptions_00023_Options_1;8796423732866;;;2-Bedroom Villa;2 bedrooms 2 baths;;"<ul class=""""contentToggle closed""""><li>Portable pack and play</li><li>Foam pillows</li><li>Additional serviceware</li></ul>";;"<span class=""""visible-md visible-lg"""">Making your home away from home comfortable<ul><li>Alarm clock</li><li>Coffee maker</li><li>Iron/ Iron board</li><li>Pillows: Down/Feather</li><li>Pull out sofa bed</li></ul>";"<span class=""""visible-md visible-lg"""">Making in-room cooking and dining convenient</span></p><ul class=""""contentToggle closed""""><li>Conventional oven</li><li>Stove</li><li>Refrigerator with icemaker</li><li>Dishwasher</li><li>Microwave oven</li><li>Toaster</li><li>Coffee Pot</li><li>Pots, pans, serving dishes</li><li>Silverware and Dishware</li></ul>";;;;;;Two-Bedroom Villa- 2-bedroom/2-bath villa- Approximately 1,150 square feet - Sleeps 8;8796423700098
Output Catalog:Online;VillaOptions_00020_Options_2;8796438675074;;;3-Bedroom Villa;3 bedrooms 3 baths;;;;;;;;;;;;8796438511234
Output Catalog:Online;VillaOptions_00039_Options_4;8796427665026;;;3-Bedroom Villa;3 bedrooms 3 baths;;;;;;;;;;;;8796427501186
Output Catalog:Online;VillaOptions_00028_Options_1;8796450471554;;;2-Bedroom Villa;2 bedrooms 2 baths;;"<ul class=""""contentToggle closed""""><li>Portable pack and play</li><li>Foam pillows</li><li>Additional serviceware</li></ul>";;"<span class=""""visible-md visible-lg"""">Making your home away from home comfortable</span></p><ul class=""""contentToggle open""""><li>Alarm clock</li><li>Coffee maker</li><li>Iron/ Iron board</li><li>Pillows: Down/Feather</li><li>Pull out sofa bed</li></ul>";"<span class=""""visible-md visible-lg"""">Making in-room cooking and dining convenient</span></p><ul class=""""contentToggle closed""""><li>Conventional oven</li><li>Stove</li><li>Refrigerator with icemaker</li><li>Dishwasher</li><li>Microwave oven</li><li>Toaster</li><li>Coffee Pot</li><li>Pots, pans, serving dishes</li><li>Silverware and Dishware</li></ul>";;;;;;Two-Bedroom/Two-Bath Villa, Approximately 1,250 square feet, Sleeps 6;8796450438786
Output Catalog:Online;VillaOptions_00021_Options_1;8796504145538;;;2-Bedroom Villa;2 bedrooms 2 baths;;"<ul class=""""contentToggle closed""""><li>Portable pack and play</li><li>Foam pillows</li><li>Additional serviceware</li></ul>";;"<span class=""""visible-md visible-lg"""">Making your home away from home comfortable</span></p><ul class=""""contentToggle open""""><li>Alarm clock</li><li>Coffee maker</li><li>Iron/ Iron board</li><li>Pillows: Down/Feather</li><li>Pull out sofa bed</li></ul>";"<span class=""""visible-md visible-lg"""">Making in-room cooking and dining convenient</span></p><ul class=""""contentToggle closed""""><li>Conventional oven</li><li>Stove</li><li>Refrigerator with icemaker</li><li>Dishwasher</li><li>Microwave oven</li><li>Toaster</li><li>Coffee Pot</li><li>Pots, pans, serving dishes</li><li>Silverware and Dishware</li></ul>";;;;;;Typical 2-Bedroom Villa-  2-bedroom/2-bath villa- Approximately 1,190 square feet- Sleeps 8;8796504112770
Output Catalog:Online;VillaOptions_00058_Option_2;8796505652866;Deluxe, Guest Room, 2 Doubles;;Deluxe, Guest Room, 2 Doubles;;;Room Entertainment:<li>Satellite TV</li><li>Movies, videos, pay-per-view</li>;;General Amenities:<li>Air conditioning</li><li>Alarm clock</li><li>Crib/playard (upon request)</li><li>Electrical adapters (upon request)</li><li>Individual climate control</li><li>Iron and ironing board</li><li>Luxurious bedding — down comforters and cotton-rich linens</li><li>Mini refrigerator</li><li>Pillows: down/feather/foam</li><li>Rollaway bed (upon request)</li><li>Safe</li>;Bathroom Amenities<li>Bathrobe</li><li>Hair dryer</li>;;;;;;;8796505620098
Output Catalog:Online;VillaOptions_00058_Option_3;8796505783938;Executive Suite, 1 King;;Executive Suite, 1 King;;;Room Entertainment:<li>Satellite TV</li><li>Movies, videos, pay-per-view</li>;;General Amenities:<li>Air conditioning</li><li>Alarm clock</li><li>Crib/playard (upon request)</li><li>Electrical adapters (upon request)</li><li>Individual climate control</li><li>Iron and ironing board</li><li>Luxurious bedding — down comforters and cotton-rich linens</li><li>Mini refrigerator</li><li>Pillows: down/feather/foam</li><li>Rollaway bed (upon request)</li><li>Safe</li>;Bathroom Amenities<li>Bathrobe</li><li>Hair dryer</li>;;;;;;;8796505620098
Output Catalog:Online;VillaOptions_00022_Options_5;8796509126274;;;Typical 2-Bedroom Multilevel Townhome;2 bedrooms 2 1/2-bath villa;;;;;;;;;;;;8796508831362
Output Catalog:Online;VillaOptions_00022_Options_2;8796509388418;;;2-Bedroom Deluxe Villas;2 bedrooms 2 baths half Bath Townhome or 2 bedrooms 2 baths Lock Off;;"<ul class=""""contentToggle closed""""><li>Portable pack and play</li><li>Foam pillows</li><li>Additional serviceware</li></ul>";;"<span class=""""visible-md visible-lg"""">Making your home away from home comfortable</span></p><ul class=""""contentToggle open""""><li>Alarm clock</li><li>Coffee maker</li><li>Iron/ Iron board</li><li>Pillows: Down/Feather</li><li>Pull out sofa bed</li></ul>";"<span class=""""visible-md visible-lg"""">Making in-room cooking and dining convenient</span></p><ul class=""""contentToggle closed""""><li>Conventional oven</li><li>Stove</li><li>Refrigerator with icemaker</li><li>Dishwasher</li><li>Microwave oven</li><li>Toaster</li><li>Coffee Pot</li><li>Pots, pans, serving dishes</li><li>Silverware and Dishware</li></ul>";;;;;;Typical Two-Bedroom Villa, Photo Gallery- 2-bedroom/2-bath villa- Approximately 1,230 square feet- Sleeps 8. Typical Two-Bedroom Lock-Off Villa, Photo Gallery- 2-bedroom/2-bath villa- Approximately 1,313 square feet- Sleeps 8. Typical Two-Bedroom Lock-Off with 2 Master Suites, Photo Gallery- 2-bedroom/2-bath villa- Approximately 1,400 square feet- Sleeps 8. Typical Three-Bedroom Lock-Off Villa, Photo Gallery- 3-bedroom/2-bath villa- Approximately 1,676 square feet- Sleeps 12. Typical Two-Bedroom Multilevel Townhome. Photo Gallery- 2-bedroom/2 1/2-bath villa- Approximately 1,366 square feet- Sleeps 8. Typical Three-Bedroom Multilevel Townhome- 3-bedroom/3-bath villa- Approximately 1,839 square feet- Sleeps 12;8796508831362
Output Catalog:Online;VillaOptions_00003_Options_1;8796463513218;;;2-Bedroom Villa;2 bedrooms 2 baths;;"<ul class=""""contentToggle closed""""><li>Portable pack and play</li><li>Foam pillows</li><li>Additional serviceware</li></ul>";;"<span class=""""visible-md visible-lg"""">Making your home away from home comfortable</span></p><ul class=""""contentToggle open""""><li>Alarm clock</li><li>Coffee maker</li><li>Iron/ Iron board</li><li>Pillows: Down/Feather</li><li>Pull out sofa bed</li></ul>";"<span class=""""visible-md visible-lg"""">Making in-room cooking and dining convenient</span></p><ul class=""contentToggle closed""><li>Conventional oven</li><li>Stove</li><li>Refrigerator with icemaker</li><li>Dishwasher</li><li>Microwave oven</li><li>Toaster</li><li>Coffee Pot</li><li>Pots, pans, serving dishes</li><li>Silverware and Dishware</li></ul>";;;;;;Two-bedroom Villa  2-bedroom/2-bath villa Approximately  1,195 square feet Sleeps 8. Three-bedroom Villa 3-bedroom/3-bath villa  Approximately 1,707 square feet Sleeps 12;8796463349378
Output Catalog:Online;VillaOptions_00047_Options_2;8796510633602;;;Three-Bedroom Residence;;;;;;;;;;;;;8796510600834
Output Catalog:Online;VillaOptions_00008_Options_1;8796484877954;;;2-Bedroom Villa;2 bedrooms 2 baths;;"<ul class=""""contentToggle closed""""><li>Portable pack and play</li><li>Foam pillows</li><li>Additional serviceware</li></ul>";;"<span class=""""visible-md visible-lg"""">Making your home away from home comfortable</span></p><ul class=""""contentToggle open""""><li>Alarm clock</li><li>Coffee maker</li><li>Iron/ Iron board</li><li>Pillows: Down/Feather</li><li>Pull out sofa bed</li></ul>";"<span class=""""visible-md visible-lg"""">Making in-room cooking and dining convenient</span></p><ul class=""contentToggle closed""><li>Conventional oven</li><li>Stove</li><li>Refrigerator with icemaker</li><li>Dishwasher</li><li>Microwave oven</li><li>Toaster</li><li>Coffee Pot</li><li>Pots, pans, serving dishes</li><li>Silverware and Dishware</li></ul>";;;;;;Typical 2-Bedroom Villa, Photo Gallery 2-bedroom/2-bath- Approximately 1,175 square feet- Sleeps 8, Typical 2-Bedroom Middle Villa, Photo Gallery- 2-bedroom/2-bath- Approximately 1,068 square feet- Sleeps 8 Typical 3-Bedroom Penthouse, Photo Gallery- 3-bedroom/3-bath- Approximately 1,768 square feet- Sleeps 10;8796484845186
Output Catalog:Online;VillaOptions_00008_Options_3;8796485140098;;;3-Bedroom Penthouse;3 bedrooms 3 baths;;"<ul class=""""contentToggle closed""""><li>Portable pack and play</li><li>Foam pillows</li><li>Additional serviceware</li></ul>";;"<span class=""""visible-md visible-lg"""">Making your home away from home comfortable</span></p><ul class=""""contentToggle open""""><li>Alarm clock</li><li>Coffee maker</li><li>Iron/ Iron board</li><li>Pillows: Down/Feather</li><li>Pull out sofa bed</li></ul>";"<span class=""""visible-md visible-lg"""">Making in-room cooking and dining convenient</span></p><ul class=""contentToggle closed""><li>Conventional oven</li><li>Stove</li><li>Refrigerator with icemaker</li><li>Dishwasher</li><li>Microwave oven</li><li>Toaster</li><li>Coffee Pot</li><li>Pots, pans, serving dishes</li><li>Silverware and Dishware</li></ul>";;;;;;Typical 2-Bedroom Villa, Photo Gallery 2-bedroom/2-bath- Approximately 1,175 square feet- Sleeps 8, Typical 2-Bedroom Middle Villa, Photo Gallery- 2-bedroom/2-bath- Approximately 1,068 square feet- Sleeps 8 Typical 3-Bedroom Penthouse, Photo Gallery- 3-bedroom/3-bath- Approximately 1,768 square feet- Sleeps 10;8796484845186
Output Catalog:Online;3-Bedroom-Standard-Villa;8797970251394;;;3-Bedroom Standard Villa;3 bedrooms 3 baths;;;;;;;;;;;;8796484845186
Output Catalog:Online;VillaOptions_00045_Options_2;8796456369794;;;Three-Bedroom Residence;;;;;;;;;;;;;8796456271490
Output Catalog:Online;VillaOptions_00006_Options_1;8796469018242;;;2-Bedroom Villa;2 bedrooms 2 baths;;"<ul class=""""contentToggle closed""""><li>Portable pack and play</li><li>Foam pillows</li><li>Additional serviceware</li></ul>";;"<span class=""""visible-md visible-lg"""">Making your home away from home comfortable</span></p><ul class=""""contentToggle open""""><li>Alarm clock</li><li>Coffee maker</li><li>Iron/ Iron board</li><li>Pillows: Down/Feather</li><li>Pull out sofa bed</li></ul>";"<span class=""""visible-md visible-lg"""">Making in-room cooking and dining convenient</span></p><ul class=""contentToggle closed""><li>Conventional oven</li><li>Stove</li><li>Refrigerator with icemaker</li><li>Dishwasher</li><li>Microwave oven</li><li>Toaster</li><li>Coffee Pot</li><li>Pots, pans, serving dishes</li><li>Silverware and Dishware</li></ul>";;;;;;Typical Two-Bedroom Villa Photo Gallery- 2-bedroom/2-bath- Approximately 1,250 square feet- Sleeps 8;8796468985474
Output Catalog:Online;VillaOptions_00017_Options_2;8796496313986;;;2-Bedroom Villa;2 bedrooms 2 baths;;"<ul class=""""contentToggle closed""""><li>Portable pack and play</li><li>Foam pillows</li><li>Additional serviceware</li></ul>";;"<span class=""""visible-md visible-lg"""">Making your home away from home comfortable</span></p><ul class=""""contentToggle open""""><li>Alarm clock</li><li>Coffee maker</li><li>Iron/ Iron board</li><li>Pillows: Down/Feather</li><li>Pull out sofa bed</li></ul>";"<span class=""""visible-md visible-lg"""">Making in-room cooking and dining convenient</span></p><ul class=""""contentToggle closed""""><li>Conventional oven</li><li>Stove</li><li>Refrigerator with icemaker</li><li>Dishwasher</li><li>Microwave oven</li><li>Toaster</li><li>Coffee Pot</li><li>Pots, pans, serving dishes</li><li>Silverware and Dishware</li></ul>";;;;;;Typical One-Bedroom Villa, Photo Gallery- 1-bedroom/1-bath villa- Approximately 800 square feet- Sleeps 4. Typical Two-bedroom Villa, Photo Gallery- 2-bedroom/2-bath villa- Approximately 1,074 square feet- Sleeps 8;8796496150146
Output Catalog:Online;VillaOptions_00036_Options_1;8796535012994;;;2-Bedroom Villa;2 bedrooms 2 baths;;"<ul class=""""contentToggle closed""""><li>Portable pack and play</li><li>Foam pillows</li><li>Additional serviceware</li></ul>";;"<span class=""""visible-md visible-lg"""">Making your home away from home comfortable</span></p><ul class=""""contentToggle open""""><li>Alarm clock</li><li>Coffee maker</li><li>Iron/ Iron board</li><li>Pillows: Down/Feather</li><li>Pull out sofa bed</li></ul>";"<span class=""""visible-md visible-lg"""">Making in-room cooking and dining convenient</span></p><ul class=""""contentToggle closed""""><li>Conventional oven</li><li>Stove</li><li>Refrigerator with icemaker</li><li>Dishwasher</li><li>Microwave oven</li><li>Toaster</li><li>Coffee Pot</li><li>Pots, pans, serving dishes</li><li>Silverware and Dishware</li></ul>";;;;;;Typical Two-Bedroom Villa, Photo Gallery- 2-bedroom/2-bath villa- Approximately 1,340 square feet- Sleeps 6;8796534980226
Output Catalog:Online;VillaOptions_00055_Options_1;8796546154114;;;1-Bedroom Villa;;;"<ul class=""""contentToggle closed""""><li>Portable pack and play</li><li>Foam pillows</li><li>Additional serviceware</li></ul>";;"<span class=""""visible-md visible-lg"""">Making your home away from home comfortable</span></p><ul class=""""contentToggle open""""><li>Alarm clock</li><li>Coffee maker</li><li>Iron/ Iron board</li><li>Pillows: Down/Feather</li><li>Pull out sofa bed</li></ul>";"<span class=""""visible-md visible-lg"""">Making in-room cooking and dining convenient</span></p><ul class=""contentToggle closed""><li>Conventional oven</li><li>Stove</li><li>Refrigerator with icemaker</li><li>Dishwasher</li><li>Microwave oven</li><li>Toaster</li><li>Coffee Pot</li><li>Pots, pans, serving dishes</li><li>Silverware and Dishware</li></ul>";;;;;;;8796546121346
Output Catalog:Online;VillaOptions_00055_Options_2;8796546285186;;;2-Bedroom Villa;;;"<ul class=""""contentToggle closed""""><li>Portable pack and play</li><li>Foam pillows</li><li>Additional serviceware</li></ul>";;"<span class=""""visible-md visible-lg"""">Making your home away from home comfortable</span></p><ul class=""""contentToggle open""""><li>Alarm clock</li><li>Coffee maker</li><li>Iron/ Iron board</li><li>Pillows: Down/Feather</li><li>Pull out sofa bed</li></ul>";"<span class=""""visible-md visible-lg"""">Making in-room cooking and dining convenient</span></p><ul class=""contentToggle closed""><li>Conventional oven</li><li>Stove</li><li>Refrigerator with icemaker</li><li>Dishwasher</li><li>Microwave oven</li><li>Toaster</li><li>Coffee Pot</li><li>Pots, pans, serving dishes</li><li>Silverware and Dishware</li></ul>";;;;;;;8796546121346
Output Catalog:Online;Resort_TD_Villa_Option_1_ Bedroom_001;8797768367746;;;1-Bedroom Apartment;Master Bedroom, Living Room, 1-bathroom;;;;;;;;;;;;8797768236674
Output Catalog:Online;au-resortVillaAmenities-option-kitchenAmenities-001;8796850372226;;;Guestrooms;;;;;;;;;;;;;8796850339458
Output Catalog:Online;VillaOptions_00029_Options_1;8796425272962;;;Studio Villa;studio 1 bath;;"<ul class=""""contentToggle closed""""><li>Portable pack and play</li><li>Foam pillows</li><li>Additional serviceware</li></ul>";;"<span class=""""visible-md visible-lg"""">Making your home away from home comfortable</span></p><ul class=""""contentToggle open""""><li>Alarm clock</li><li>Coffee maker</li><li>Iron/ Iron board</li><li>Pillows: Down/Feather</li><li>Pull out sofa bed</li></ul>";"<span class=""""visible-md visible-lg"""">Making in-room cooking and dining convenient</span></p><ul class=""""contentToggle closed""""><li>Conventional oven</li><li>Stove</li><li>Refrigerator with icemaker</li><li>Dishwasher</li><li>Microwave oven</li><li>Toaster</li><li>Coffee Pot</li><li>Pots, pans, serving dishes</li><li>Silverware and Dishware</li></ul>";;;;;;Studio/One-Bath villa, Approximately 450 square feet, Sleeps 4, One-Bedroom/Two-Bath villa, Approximately 910 square feet, Sleeps 6;8796425240194
Output Catalog:Online;VillaOptions_00029_Options_2;8796425404034;;;1-Bedroom Villa;1 bedroom 2 baths;;"<ul class=""""contentToggle closed""""><li>Portable pack and play</li><li>Foam pillows</li><li>Additional serviceware</li></ul>";;"<span class=""""visible-md visible-lg"""">Making your home away from home comfortable</span></p><ul class=""""contentToggle open""""><li>Alarm clock</li><li>Coffee maker</li><li>Iron/ Iron board</li><li>Pillows: Down/Feather</li><li>Pull out sofa bed</li></ul>";"<span class=""""visible-md visible-lg"""">Making in-room cooking and dining convenient</span></p><ul class=""""contentToggle closed""""><li>Conventional oven</li><li>Stove</li><li>Refrigerator with icemaker</li><li>Dishwasher</li><li>Microwave oven</li><li>Toaster</li><li>Coffee Pot</li><li>Pots, pans, serving dishes</li><li>Silverware and Dishware</li></ul>";;;;;;Studio/One-Bath villa, Approximately 450 square feet, Sleeps 4, One-Bedroom/Two-Bath villa, Approximately 910 square feet, Sleeps 6;8796425240194
Output Catalog:Online;VillaOptions_00040_Options_2;8796429663874;;2;DOUGLAS;;;"<ul class=""""contentToggle closed""""><li>Portable pack and play</li><li>Foam pillows</li><li>Additional serviceware</li></ul>";;"<span class=""""visible-md visible-lg"""">Making your home away from home comfortable</span></p><ul class=""""contentToggle open""""><li>Alarm clock</li><li>Coffee maker</li><li>Iron/ Iron board</li><li>Pillows: Down/Feather</li><li>Pull out sofa bed</li></ul>";"<span class=""""visible-md visible-lg"""">Making in-room cooking and dining convenient</span></p><ul class=""""contentToggle closed""""><li>Conventional oven</li><li>Stove</li><li>Refrigerator with icemaker</li><li>Dishwasher</li><li>Microwave oven</li><li>Toaster</li><li>Coffee Pot</li><li>Pots, pans, serving dishes</li><li>Silverware and Dishware</li></ul>";;;.;;;Typical 2-Bedroom Villa-  2-bedroom/2-bath villa- Approximately 914 square feet- Sleeps 6;8796429368962
Output Catalog:Online;VillaOptions_00048_Options_2;8796445752962;;;Three-Bedroom Residence;;;;;;;;;;;;;8796445654658
Output Catalog:Online;VillaOptions_00043_Options_2;8796550839938;;;3-Bedroom Villa;3 bedrooms 3 baths;;"<ul class=""""contentToggle closed""""><li>Portable pack and play</li><li>Foam pillows</li><li>Additional serviceware</li></ul>";;"<span class=""""visible-md visible-lg"""">Making your home away from home comfortable</span></p><ul class=""""contentToggle open""""><li>Alarm clock</li><li>Coffee maker</li><li>Iron/ Iron board</li><li>Pillows: Down/Feather</li><li>Pull out sofa bed</li></ul>";"<span class=""""visible-md visible-lg"""">Making in-room cooking and dining convenient</span></p><ul class=""""contentToggle closed""""><li>Conventional oven</li><li>Stove</li><li>Refrigerator with icemaker</li><li>Dishwasher</li><li>Microwave oven</li><li>Toaster</li><li>Coffee Pot</li><li>Pots, pans, serving dishes</li><li>Silverware and Dishware</li></ul>";;;;;;Two-bedroom Villa, 2-bedroom/2-bath villa, Approximately 1,275 square feet, Sleeps 8. Three-bedroom Villa, 3-bedroom/3-bath villa, Approximately 1,575 square feet, Sleeps 12;8796550676098
Output Catalog:Online;VillaOptions_00046_Options_1;8796537994882;;;One-Bedroom Residence;;;;;;;;;;;;One-bedroom Residence. Two-bedroom Residence. Three-bedroom Residence;8796537896578
Output Catalog:Online;VillaOptions_00046_Options_2;8796538060418;;;Two-Bedroom Residence;;;;;;;;;;;;;8796537896578
Output Catalog:Online;2 bedroom poolside villa crystal shores;8797209771650;;;2-Bedroom Poolside Villa;2 bedrooms 2 baths;;;;;;;;;;;;8796484845186
Output Catalog:Online;3 bedroom poolside villa crystal shores;8797209902722;;;3-Bedroom Poolside Villa;3 bedrooms 3 bath;;;;;;;;;;;;8796484845186
Output Catalog:Online;VillaOptions_00038_Options_1;8796516990594;;;1-Bedroom Villa;1 bedroom 1 bath;;"<ul class=""""contentToggle closed""""><li>Portable pack and play</li><li>Foam pillows</li><li>Additional serviceware</li></ul>";;"<span class=""""visible-md visible-lg"""">Making your home away from home comfortable</span></p><ul class=""""contentToggle open""""><li>Alarm clock</li><li>Coffee maker</li><li>Iron/ Iron board</li><li>Pillows: Down/Feather</li><li>Pull out sofa bed</li></ul>";"<span class=""""visible-md visible-lg"""">Making in-room cooking and dining convenient</span></p><ul class=""""contentToggle closed""""><li>Conventional oven</li><li>Stove</li><li>Refrigerator with icemaker</li><li>Dishwasher</li><li>Microwave oven</li><li>Toaster</li><li>Coffee Pot</li><li>Pots, pans, serving dishes</li><li>Silverware and Dishware</li></ul>";;;;;;Typical One-Bedroom Villa, Photo Gallery- 1-bedroom/1-bath villa- Approximately 825 square feet- Sleeps 4. Typical Two-Bedroom, Photo Gallery- 2-bedroom/2-bath villa- Approximately 1,250 square feet- Sleeps 8;8796516957826
Output Catalog:Online;VillaOptions_00014_Options_3;8796518858370;;;3-Bedroom Villa;3 bedrooms 3 baths;;"<ul class=""""contentToggle closed""""><li>Portable pack and play</li><li>Foam pillows</li><li>Additional serviceware</li></ul>";;"<span class=""""visible-md visible-lg"""">Making your home away from home comfortable</span></p><ul class=""""contentToggle open""""><li>Alarm clock</li><li>Coffee maker</li><li>Iron/ Iron board</li><li>Pillows: Down/Feather</li><li>Pull out sofa bed</li></ul>";"<span class=""""visible-md visible-lg"""">Making in-room cooking and dining convenient</span></p><ul class=""contentToggle closed""><li>Conventional oven</li><li>Stove</li><li>Refrigerator with icemaker</li><li>Dishwasher</li><li>Microwave oven</li><li>Toaster</li><li>Coffee Pot</li><li>Pots, pans, serving dishes</li><li>Silverware and Dishware</li></ul>";;;;;;Typical 1-Bedroom Villa 1-bedroom/1-bath villa Approximately 820 square feet Sleeps 4, Typical 2-Bedroom Villa 2-bedroom/2-bath villa Approximately 1,252 square feet Sleeps 8, Typical 3-Bedroom Villa 3-bedroom/3-bath villa Approximately 2,095 square feet Sleeps 12;8796518694530
Output Catalog:Online;VillaOptions_00045_Options_1;8796456304258;;;Two-Bedroom Residence;;;;;;;;;;;;Two-bedroom Residence Floorplan. Three-bedroom Residence Floorplan. Four-bedroom Residence Floorplan;8796456271490
Output Catalog:Online;VillaOptions_00027_Options_2;8796524363394;;;2-Bedroom Villa;2 bedroom 2 baths;;"<ul class=""""contentToggle closed""""><li>Portable pack and play</li><li>Foam pillows</li><li>Additional serviceware</li></ul>";;"<span class=""""visible-md visible-lg"""">Making your home away from home comfortable</span></p><ul class=""""contentToggle open""""><li>Alarm clock</li><li>Coffee maker</li><li>Iron/ Iron board</li><li>Pillows: Down/Feather</li><li>Pull out sofa bed</li></ul>";"<span class=""""visible-md visible-lg"""">Making in-room cooking and dining convenient</span></p><ul class=""""contentToggle closed""""><li>Conventional oven</li><li>Stove</li><li>Refrigerator with icemaker</li><li>Dishwasher</li><li>Microwave oven</li><li>Toaster</li><li>Coffee Pot</li><li>Pots, pans, serving dishes</li><li>Silverware and Dishware</li></ul>";;;;;;One-Bedroom/One-Bath, Approximately 400 square feet, Sleeps 2. One-Bedroom/Two-Bath villa, Approximately 800 square feet, Sleeps 4. Two-Bedroom/Two-Bath villa, Approximately 1,200 square feet, Sleeps 6;8796524199554
Output Catalog:Online;VillaOptions_00012_Options_1;8796489629314;;;2-Bedroom Villa;2 bedrooms 2 baths;;"<ul class=""""contentToggle closed""""><li>Portable pack and play</li><li>Foam pillows</li><li>Additional serviceware</li></ul>";;"<span class=""""visible-md visible-lg"""">Making your home away from home comfortable</span></p><ul class=""""contentToggle open""""><li>Alarm clock</li><li>Coffee maker</li><li>Iron/ Iron board</li><li>Pillows: Down/Feather</li><li>Pull out sofa bed</li></ul>";"<span class=""""visible-md visible-lg"""">Making in-room cooking and dining convenient</span></p><ul class=""contentToggle closed""><li>Conventional oven</li><li>Stove</li><li>Refrigerator with icemaker</li><li>Dishwasher</li><li>Microwave oven</li><li>Toaster</li><li>Coffee Pot</li><li>Pots, pans, serving dishes</li><li>Silverware and Dishware</li></ul>";;;;;;Typical Two-Bedroom Villa- 2-bedroom/2-bath villa- Approximately 1,650 square feet- Sleeps 8;8796489596546
Output Catalog:Online;VillaOptions_00026_Options_1;8796526034562;;;2-Bedroom Villa;2 bedrooms 2 baths;;"<ul class=""""contentToggle closed""""><li>Portable pack and play</li><li>Foam pillows</li><li>Additional serviceware</li></ul>";;"<span class=""""visible-md visible-lg"""">Making your home away from home comfortable</span></p><ul class=""""contentToggle open""""><li>Alarm clock</li><li>Coffee maker</li><li>Iron/ Iron board</li><li>Pillows: Down/Feather</li><li>Pull out sofa bed</li></ul>";"<span class=""""visible-md visible-lg"""">Making in-room cooking and dining convenient</span></p><ul class=""""contentToggle closed""""><li>Conventional oven</li><li>Stove</li><li>Refrigerator with icemaker</li><li>Dishwasher</li><li>Microwave oven</li><li>Toaster</li><li>Coffee Pot</li><li>Pots, pans, serving dishes</li><li>Silverware and Dishware</li></ul>";;;;;;Two-Bedroom/Two-Bath Villa, Approximately 1,465 square feet, Sleeps 8;8796526001794
Output Catalog:Online;VillaOptions_00015_Options_1;8796493790850;;;2-Bedroom Villa;2 bedrooms 2 baths;;"<ul class=""""contentToggle closed""""><li>Portable pack and play</li><li>Foam pillows</li><li>Additional serviceware</li></ul>";;"<span class=""""visible-md visible-lg"""">Making your home away from home comfortable</span></p><ul class=""""""contentToggle open""""""><li>Alarm clock</li><li>Coffee maker</li><li>Iron/ Iron board</li><li>Pillows: Down/Feather</li><li>Pull out sofa bed</li></ul>";"<span class=""""visible-md visible-lg"""">Making in-room cooking and dining convenient</span></p><ul class=""contentToggle closed""><li>Conventional oven</li><li>Stove</li><li>Refrigerator with icemaker</li><li>Dishwasher</li><li>Microwave oven</li><li>Toaster</li><li>Coffee Pot</li><li>Pots, pans, serving dishes</li><li>Silverware and Dishware</li></ul>";;;;;;Two-Bedroom/Two-Bath Villa, Approximately 1,380 square feet, Sleeps 8;8796493758082
Output Catalog:Online;PA-resortAmenities-2Bedroom-001;8797312368258;;;2-Bedroom Villa;2 bedrooms 2 baths;;;;;;;;;;;;8797312335490
Output Catalog:Online;Resort_TD_Villa_Option_Guestroom_001;8797768466050;;;Guestroom;Guestroom, 1-bathroom;;;;;;;;;;;;8797768236674
Output Catalog:Online;BK-villaAmenities-3BedRoomVilla-001;8797313547906;;;3-Bedroom Villa;3 bedroom 3 baths;;;;;;;;;;;;8797313318530
Output Catalog:Online;VillaOptions_00049_Options_3;8796584853122;;;3-Bedroom Villa;3 bedrooms 3 baths;;;;;;;;;;;;8796448341634
Output Catalog:Online;VillaOptions_00053_Options_2;8796433071746;;;2-Bedroom Villa with Lock-off Floor Plan;;;;Two-Bedroom Villa with Lock-off Floor Plan;;;;;;;;;8796432907906
Output Catalog:Online;VillaOptions_00020_Options_1;8796438544002;;;2-Bedroom Villa;2 bedrooms 2 baths;;"<ul class=""""contentToggle closed""""><li>Portable pack and play</li><li>Foam pillows</li><li>Additional serviceware</li></ul>";;"<span class=""""visible-md visible-lg"""">Making your home away from home comfortable</span></p><ul class=""""contentToggle open""""><li>Alarm clock</li><li>Coffee maker</li><li>Iron/ Iron board</li><li>Pillows: Down/Feather</li><li>Pull out sofa bed</li></ul>";"<span class=""""visible-md visible-lg"""">Making in-room cooking and dining convenient</span></p><ul class=""""contentToggle closed""""><li>Conventional oven</li><li>Stove</li><li>Refrigerator with icemaker</li><li>Dishwasher</li><li>Microwave oven</li><li>Toaster</li><li>Coffee Pot</li><li>Pots, pans, serving dishes</li><li>Silverware and Dishware</li></ul>";;;;;;Typical 2-Bedroom Villa- 2-bedroom/2-bath villa- Approximately 1,300 square feet- Sleeps 6;8796438511234
Output Catalog:Online;VillaOptions_00039_Options_2;8796427599490;;;2-Bedroom Interior Villa;2 bedrooms 2 baths;;;;;;;;;;;;8796427501186
Output Catalog:Online;VillaOptions_00040_Options_3;8796429401730;;3;EVERGREEN;;;"<ul class=""""contentToggle closed""""><li>Portable pack and play</li><li>Foam pillows</li><li>Additional serviceware</li></ul>";;"<span class=""""visible-md visible-lg"""">Making your home away from home comfortable</span></p><ul class=""""contentToggle open""""><li>Alarm clock</li><li>Coffee maker</li><li>Iron/ Iron board</li><li>Pillows: Down/Feather</li><li>Pull out sofa bed</li></ul>";"<span class=""""visible-md visible-lg"""">Making in-room cooking and dining convenient</span></p><ul class=""""contentToggle closed""""><li>Conventional oven</li><li>Stove</li><li>Refrigerator with icemaker</li><li>Dishwasher</li><li>Microwave oven</li><li>Toaster</li><li>Coffee Pot</li><li>Pots, pans, serving dishes</li><li>Silverware and Dishware</li></ul>";Accommodations Overview;;;;;Typical 2-Bedroom Villa-  2-bedroom/2-bath villa- Approximately 914 square feet- Sleeps 6;8796429368962
Output Catalog:Online;VillaOptions_00042_Options_1;8796431269506;;;2-Bedroom Villa;2 bedrooms 2 baths;;"<ul class=""""contentToggle closed""""><li>Portable pack and play</li><li>Foam pillows</li><li>Additional serviceware</li></ul>";;"<span class=""""visible-md visible-lg"""">Making your home away from home comfortable</span></p><ul class=""""contentToggle open""""><li>Alarm clock</li><li>Coffee maker</li><li>Iron/ Iron board</li><li>Pillows: Down/Feather</li><li>Pull out sofa bed</li></ul>";"<span class=""""visible-md visible-lg"""">Making in-room cooking and dining convenient</span></p><ul class=""""contentToggle closed""""><li>Conventional oven</li><li>Stove</li><li>Refrigerator with icemaker</li><li>Dishwasher</li><li>Microwave oven</li><li>Toaster</li><li>Coffee Pot</li><li>Pots, pans, serving dishes</li><li>Silverware and Dishware</li></ul>";;;;;;Two-Bedroom/Two-Bath Villa, Approximately 1,050 square feet, Sleeps 6;8796431236738
Output Catalog:Online;VillaOptions_00013_Options_1;8796491759234;;;2-Bedroom Villa;2 bedrooms 2 baths;;"<ul class=""""contentToggle closed""""><li>Portable pack and play</li><li>Foam pillows</li><li>Additional serviceware</li></ul>";;"<span class=""""visible-md visible-lg"""">Making your home away from home comfortable</span></p><ul class=""""contentToggle open""""><li>Alarm clock</li><li>Coffee maker</li><li>Iron/ Iron board</li><li>Pillows: Down/Feather</li><li>Pull out sofa bed</li></ul>";"<span class=""""visible-md visible-lg"""">Making in-room cooking and dining convenient</span></p><ul class=""contentToggle closed""><li>Conventional oven</li><li>Stove</li><li>Refrigerator with icemaker</li><li>Dishwasher</li><li>Microwave oven</li><li>Toaster</li><li>Coffee Pot</li><li>Pots, pans, serving dishes</li><li>Silverware and Dishware</li></ul>";;;;;;Two-Bedroom/Two-Bath villa Approximately 1,150 square feet Sleeps 8;8796491726466
Output Catalog:Online;VillaOptions_00002_Options_1;8796460924546;;;1-Bedroom Villa;1 bedroom 1 bath;;"<ul class=""""contentToggle closed""""><li>Portable pack and play</li><li>Foam pillows</li><li>Additional serviceware</li></ul>";;"<span class=""""visible-md visible-lg"""">Making your home away from home comfortable</span></p><ul class=""""contentToggle open""""><li> Alarm clock</li><li> Coffee maker</li><li> Iron/ Iron board</li><li> Pillows: Down/Feather</li><li> Pull out sofa bed</li></ul>";"<span class=""""visible-md visible-lg"""">Making in-room cooking and dining convenient</span></p><ul class=""contentToggle closed""><li>Conventional oven</li><li>Stove</li><li>Refrigerator with icemaker</li><li>Dishwasher</li><li>Microwave oven</li><li>Toaster</li><li>Coffee Pot</li><li>Pots, pans, serving dishes</li><li>Silverware and Dishware</li></ul>";;;;;;One-bedroom Villa - 1-bedroom/1-bath villa - Approximately 923 square feet - Sleeps 4.Two-bedroom Villa- 2-bedroom/2-bath villa- Approximately 1,239 square feet - Sleeps 8;8796460760706
Output Catalog:Online;VillaOptions_00005_Options_1;8796466888322;;;2-Bedroom Villa;2 bedrooms 2 baths;;"<ul class=""""contentToggle closed""""><li>Portable pack and play</li><li>Foam pillows</li><li>Additional serviceware</li></ul>";;"<span class=""""visible-md visible-lg"""">Making your home away from home comfortable</span></p><ul class=""""contentToggle open""""><li>Alarm clock</li><li>Coffee maker</li><li>Iron/ Iron board</li><li>Pillows: Down/Feather</li><li>Pull out sofa bed</li></ul>";"<span class=""""visible-md visible-lg"""">Making in-room cooking and dining convenient</span></p><ul class=""contentToggle closed""><li>Conventional oven</li><li>Stove</li><li>Refrigerator with icemaker</li><li>Dishwasher</li><li>Microwave oven</li><li>Toaster</li><li>Coffee Pot</li><li>Pots, pans, serving dishes</li><li>Silverware and Dishware</li></ul>";;;;;;;8796466855554
Output Catalog:Online;VillaOptions_00045_Options_3;8796456435330;;;Four-Bedroom Residence;;;;;;;;;;;;;8796456271490
Output Catalog:Online;Resort_TD_Villa_Option_2_Bedroom_001;8797768269442;;;2-Bedroom Apartment;Master Bedroom with King bed, Guestroom with King bed, Living Room, 2-bathrooms;;;;;;;;;;;;8797768236674
Output Catalog:Online;VillaOptions_00025_Options_2;8796442279554;;;2-Bedroom Villa;2 bedrooms 2 baths;;"<ul class=""""contentToggle closed""""><li>Portable pack and play</li><li>Foam pillows</li><li>Additional serviceware</li></ul>";;"<span class=""""visible-md visible-lg"""">Making your home away from home comfortable</span></p><ul class=""""contentToggle open""""><li>Alarm clock</li><li>Coffee maker</li><li>Iron/ Iron board</li><li>Pillows: Down/Feather</li><li>Pull out sofa bed</li></ul>";"<span class=""""visible-md visible-lg"""">Making in-room cooking and dining convenient</span></p><ul class=""""contentToggle closed""""><li>Conventional oven</li><li>Stove</li><li>Refrigerator with icemaker</li><li>Dishwasher</li><li>Microwave oven</li><li>Toaster</li><li>Coffee Pot</li><li>Pots, pans, serving dishes</li><li>Silverware and Dishware</li></ul>";;;;;;One-Bedroom Apartment 1-bedroom/1-bath apartment Approximately 84 square meters Sleeps 4. Two-Bedroom Apartment 2-bedroom/2-bath apartment Approximately 109 square meters Sleeps 6. Three-Bedroom Apartment 3-bedroom/3-bath Approximately 142 square meters Sleeps 8;8796442115714
Output Catalog:Online;VillaOptions_00058_Option_4;8796506046082;Junior Suite, 1 King, Sofabed;;Junior Suite, 1 King, Sofabed;;;Room Entertainment:<li>Satellite TV</li><li>Movies, videos, pay-per-view</li>;;General Amenities:<li>Air conditioning</li><li>Alarm clock</li><li>Crib/playard (upon request)</li><li>Electrical adapters (upon request)</li><li>Individual climate control</li><li>Iron and ironing board</li><li>Luxurious bedding — down comforters and cotton-rich linens</li><li>Mini refrigerator</li><li>Pillows: down/feather/foam</li><li>Rollaway bed (upon request)</li><li>Safe</li>;Bathroom Amenities<li>Bathrobe</li><li>Hair dryer</li>;;;;;;;8796505620098
Output Catalog:Online;VillaOptions_00022_Options_4;8796508995202;;;Typical 3-Bedroom Lock-Off Villa;3-bedroom/2-bath villa;;;;;;;;;;;;8796508831362
Output Catalog:Online;VillaOptions_00022_Options_3;8796509257346;;;3-Bedroom Villas;3 bedrooms 3 baths half Bath Townhome or 3 bedrooms 3 baths Lock Off;;"<ul class=""""contentToggle closed""""><li>Portable pack and play</li><li>Foam pillows</li><li>Additional serviceware</li></ul>";;"<span class=""""visible-md visible-lg"""">Making your home away from home comfortable</span></p><ul class=""""contentToggle open""""><li>Alarm clock</li><li>Coffee maker</li><li>Iron/ Iron board</li><li>Pillows: Down/Feather</li><li>Pull out sofa bed</li></ul>";"<span class=""""visible-md visible-lg"""">Making in-room cooking and dining convenient</span></p><ul class=""""contentToggle closed""""><li>Conventional oven</li><li>Stove</li><li>Refrigerator with icemaker</li><li>Dishwasher</li><li>Microwave oven</li><li>Toaster</li><li>Coffee Pot</li><li>Pots, pans, serving dishes</li><li>Silverware and Dishware</li></ul>";;;;;;Typical Two-Bedroom Villa, Photo Gallery- 2-bedroom/2-bath villa- Approximately 1,230 square feet- Sleeps 8. Typical Two-Bedroom Lock-Off Villa, Photo Gallery- 2-bedroom/2-bath villa- Approximately 1,313 square feet- Sleeps 8. Typical Two-Bedroom Lock-Off with 2 Master Suites, Photo Gallery- 2-bedroom/2-bath villa- Approximately 1,400 square feet- Sleeps 8. Typical Three-Bedroom Lock-Off Villa, Photo Gallery- 3-bedroom/2-bath villa- Approximately 1,676 square feet- Sleeps 12. Typical Two-Bedroom Multilevel Townhome. Photo Gallery- 2-bedroom/2 1/2-bath villa- Approximately 1,366 square feet- Sleeps 8. Typical Three-Bedroom Multilevel Townhome- 3-bedroom/3-bath villa- Approximately 1,839 square feet- Sleeps 12;8796508831362
Output Catalog:Online;VillaOptions_00047_Options_1;8796510699138;;;Two-Bedroom Residence;;;;;;;;;;;;Two-Bedroom Residence Floorplan. Three-Bedroom Residence Floorplan;8796510600834
Output Catalog:Online;Villa_Amenities_1-bedroom;8796464823938;;1;1-Bedroom Villa;;;;;;;;;;;;;8796464692866
Output Catalog:Online;Villa_Amenities_1-bedroom_2-Baths;8796464922242;;2;1-Bedroom 2-Baths;;;;;;;;;;;;;8796464692866
Output Catalog:Online;VillaOptions_00019_Options_1;8796522495618;;;3-Bedroom Villa;3 bedrooms 2 baths;;"<ul class=""""contentToggle closed""""><li>Portable pack and play</li><li>Foam pillows</li><li>Additional serviceware</li></ul>";;"<span class=""""visible-md visible-lg"""">Making your home away from home comfortable</span></p><ul class=""""contentToggle open""""><li>Alarm clock</li><li>Coffee maker</li><li>Iron/ Iron board</li><li>Pillows: Down/Feather</li><li>Pull out sofa bed</li></ul>";"<span class=""""visible-md visible-lg"""">Making in-room cooking and dining convenient</span></p><ul class=""""contentToggle closed""""><li>Conventional oven</li><li>Stove</li><li>Refrigerator with icemaker</li><li>Dishwasher</li><li>Microwave oven</li><li>Toaster</li><li>Coffee Pot</li><li>Pots, pans, serving dishes</li><li>Silverware and Dishware</li></ul>";;;;;;Typical Three-Bedroom Villa, Photo Gallery 3-bedroom/2-bath villa, Approximately 1,631 square feet, Sleeps 10;8796522462850
Output Catalog:Online;VillaOptions_00031_Options_1;8796530851458;;;2-Bedroom Villa;2 bedrooms 2 baths;;"<ul class=""""contentToggle closed""""><li>Portable pack and play</li><li>Foam pillows</li><li>Additional serviceware</li></ul>";;"<span class=""""visible-md visible-lg"""">Making your home away from home comfortable</span></p><ul class=""""contentToggle open""""><li>Alarm clock</li><li>Coffee maker</li><li>Iron/ Iron board</li><li>Pillows: Down/Feather</li><li>Pull out sofa bed</li></ul>";"<span class=""""visible-md visible-lg"""">Making in-room cooking and dining convenient</span></p><ul class=""""contentToggle closed""""><li>Conventional oven</li><li>Stove</li><li>Refrigerator with icemaker</li><li>Dishwasher</li><li>Microwave oven</li><li>Toaster</li><li>Coffee Pot</li><li>Pots, pans, serving dishes</li><li>Silverware and Dishware</li></ul>";;;;;;Typical Two-Bedroom Villa, Photo Gallery- 2-bedroom/2-bath villa- Approximately 1,238 square feet- Sleeps 6;8796530818690
Output Catalog:Online;VillaOptions_00054_Options_2;8796543696514;;;3-Bedroom Villa;;;"<ul class=""""contentToggle closed""""><li>Portable pack and play</li><li>Foam pillows</li><li>Additional serviceware</li></ul>";;"<span class=""""visible-md visible-lg"""">Making your home away from home comfortable</span></p><ul class=""""contentToggle open""""><li>Alarm clock</li><li>Coffee maker</li><li>Iron/ Iron board</li><li>Pillows: Down/Feather</li><li>Pull out sofa bed</li></ul>";"<span class=""""visible-md visible-lg"""">Making in-room cooking and dining convenient</span></p><ul class=""contentToggle closed""><li>Conventional oven</li><li>Stove</li><li>Refrigerator with icemaker</li><li>Dishwasher</li><li>Microwave oven</li><li>Toaster</li><li>Coffee Pot</li><li>Pots, pans, serving dishes</li><li>Silverware and Dishware</li></ul>";;;;;;;8796543532674
Output Catalog:Online;Resort_TD_Villa_Option_2_Bedroom_002;8798192811650;;;2-Bedroom Apartment;Master Bedroom with King bed, Guestroom with 2 Twin beds, Living Room, 2-bathrooms;;;;;;;;;;;;8797768236674
Output Catalog:Online;wk-resortAmenities-suitesAccordion-001;8797013327490;;;Suites;;;;;;;;;;;;;8797013294722
Output Catalog:Online;VillaOptions_00056_Options_1;8796436250242;;;2-Bedroom Villa;2 bedrooms 2 baths;;"<ul class=""""contentToggle closed""""><li>Portable pack and play</li><li>Foam pillows</li><li>Additional serviceware</li></ul>";;"<span class=""""visible-md visible-lg"""">Making your home away from home comfortable</span></p><ul class=""""contentToggle open""""><li>Alarm clock</li><li>Coffee maker</li><li>Iron/ Iron board</li><li>Pillows: Down/Feather</li><li>Pull out sofa bed</li></ul>";"<span class=""""visible-md visible-lg"""">Making in-room cooking and dining convenient</span></p><ul class=""contentToggle closed""><li>Conventional oven</li><li>Stove</li><li>Refrigerator with icemaker</li><li>Dishwasher</li><li>Microwave oven</li><li>Toaster</li><li>Coffee Pot</li><li>Pots, pans, serving dishes</li><li>Silverware and Dishware</li></ul>";;;;;;;8796436217474
Output Catalog:Online;VillaOptions_00025_Options_4;8796442410626;;;3-Bedroom Villa;;;;;;;;;;;;;8796442115714
Output Catalog:Online;VillaOptions_00041_Options_1;8796548316802;;;2-Bedroom Villa;2 bedrooms 2 baths;;"<ul class=""""contentToggle closed""""><li>Portable pack and play</li><li>Foam pillows</li><li>Additional serviceware</li></ul>";;"<p><span visible-md="""">Making your home away from home comfortable</span></p><p>&nbsp;</p><ul contenttoggle=""""><li>Alarm clock</li><li>Coffee maker</li><li>Iron/ Iron board</li><li>Pillows: Down/Feather</li><li>Pull out sofa bed</li></ul>";"<span class=""""visible-md visible-lg"""">Making in-room cooking and dining convenient</span></p><ul class=""""contentToggle closed""""><li>Conventional oven</li><li>Stove</li><li>Refrigerator with icemaker</li><li>Dishwasher</li><li>Microwave oven</li><li>Toaster</li><li>Coffee Pot</li><li>Pots, pans, serving dishes</li><li>Silverware and Dishware</li></ul>";;;;;;Two-bedroom Villa, 2-bedroom/2-bath villa, Approximately 1,250 square feet, Sleeps 8;8796548284034
Output Catalog:Online;VillaOptions_00033_Options_1;8796452437634;;;2-Bedroom Oceanview Villa;2 bedrooms 2 baths;;"<ul class=""""contentToggle closed""""><li>Portable pack and play</li><li>Foam pillows</li><li>Additional serviceware</li></ul>";;"<span class=""""visible-md visible-lg"""">Making your home away from home comfortable</span></p><ul class=""""contentToggle open""""><li>Alarm clock</li><li>Coffee maker</li><li>Iron/ Iron board</li><li>Pillows: Down/Feather</li><li>Pull out sofa bed</li></ul>";"<span class=""""visible-md visible-lg"""">Making in-room cooking and dining convenient</span></p><ul class=""""contentToggle closed""""><li>Conventional oven</li><li>Stove</li><li>Refrigerator with icemaker</li><li>Dishwasher</li><li>Microwave oven</li><li>Toaster</li><li>Coffee Pot</li><li>Pots, pans, serving dishes</li><li>Silverware and Dishware</li></ul>";;;;;;Two-bedroom Oceanview Villa, 2-bedroom/2-bath Villa, Approximately 1,120 square feet, Sleeps 8. Two-bedroom Oceanfront Villa, 2-bedroom/2-bath Villa, Approximately 1,120 square feet, Sleeps 8;8796452404866
Output Catalog:Online;2-Bedroom-Island-Side-Villa;8797969858178;;;2-Bedroom Island Side Villa;2 bedrooms 2 baths;;;;;;;;;;;;8796484845186
Output Catalog:Online;VillaOptions_00014_Options_2;8796518727298;;;2-Bedroom Villa;2 bedrooms 2 baths;;"<ul class=""""contentToggle closed""""><li>Portable pack and play</li><li>Foam pillows</li><li>Additional serviceware</li></ul>";;"<span class=""""visible-md visible-lg"""">Making your home away from home comfortable</span></p><ul class=""""contentToggle open""""><li>Alarm clock</li><li>Coffee maker</li><li>Iron/ Iron board</li><li>Pillows: Down/Feather</li><li>Pull out sofa bed</li></ul>";"<span class=""""visible-md visible-lg"""">Making in-room cooking and dining convenient</span></p><ul class=""contentToggle closed""><li>Conventional oven</li><li>Stove</li><li>Refrigerator with icemaker</li><li>Dishwasher</li><li>Microwave oven</li><li>Toaster</li><li>Coffee Pot</li><li>Pots, pans, serving dishes</li><li>Silverware and Dishware</li></ul>";;;;;;Typical 1-Bedroom Villa 1-bedroom/1-bath villa Approximately 820 square feet Sleeps 4, Typical 2-Bedroom Villa 2-bedroom/2-bath villa Approximately 1,252 square feet Sleeps 8, Typical 3-Bedroom Villa 3-bedroom/3-bath villa Approximately 2,095 square feet Sleeps 12;8796518694530
Output Catalog:Online;VillaOptions_00010_Options_1;8796487007874;;;2-Bedroom Villa;2 bedrooms 2 baths;;"<ul class=""""contentToggle closed""""><li>Portable pack and play</li><li>Foam pillows</li><li>Additional serviceware</li></ul>";;"<span class=""""visible-md visible-lg"""">Making your home away from home comfortable</span></p><ul class=""""contentToggle open""""><li>Alarm clock</li><li>Coffee maker</li><li>Iron/ Iron board</li><li>Pillows: Down/Feather</li><li>Pull out sofa bed</li></ul>";"<span class=""""visible-md visible-lg"""">Making in-room cooking and dining convenient</span></p><ul class=""contentToggle closed""><li>Conventional oven</li><li>Stove</li><li>Refrigerator with icemaker</li><li>Dishwasher</li><li>Microwave oven</li><li>Toaster</li><li>Coffee Pot</li><li>Pots, pans, serving dishes</li><li>Silverware and Dishware</li></ul>";;;;;;Typical Two-Bedroom Villa Photo Gallery- 2-bedroom/2-bath- Approximately 1,345 square feet- Sleeps 8;8796486975106
Output Catalog:Online;VillaOptions_00057_Options_2;8796480978562;;;Lahaina & Napili Towers;;;;;;;;;;;;;8796480814722
Output Catalog:Online;VillaOptions_00027_Options_1;8796524232322;;;1-Bedroom Villa;1 bedroom 1 bath or 1 bedroom 2 baths;;"<ul class=""""contentToggle closed""""><li>Portable pack and play</li><li>Foam pillows</li><li>Additional serviceware</li></ul>";;"<span class=""""visible-md visible-lg"""">Making your home away from home comfortable</span></p><ul class=""""contentToggle open""""><li>Alarm clock</li><li>Coffee maker</li><li>Iron/ Iron board</li><li>Pillows: Down/Feather</li><li>Pull out sofa bed</li></ul>";"<span class=""""visible-md visible-lg"""">Making in-room cooking and dining convenient</span></p><ul class=""""contentToggle closed""""><li>Conventional oven</li><li>Stove</li><li>Refrigerator with icemaker</li><li>Dishwasher</li><li>Microwave oven</li><li>Toaster</li><li>Coffee Pot</li><li>Pots, pans, serving dishes</li><li>Silverware and Dishware</li></ul>";;;;;;One-Bedroom/One-Bath, Approximately 400 square feet, Sleeps 2. One-Bedroom/Two-Bath villa, Approximately 800 square feet, Sleeps 4. Two-Bedroom/Two-Bath villa, Approximately 1,200 square feet, Sleeps 6;8796524199554
Output Catalog:Online;VillaOptions_00050_Options_1;8796513549954;;;2-Bedroom Townhouse;2 bedrooms 2 baths;;"<ul class=""""contentToggle closed""""><li>Portable pack and play</li><li>Foam pillows</li><li>Additional serviceware</li></ul>";;"Making your home away from home comfortable</span></p><ul class=""""contentToggle open""""><li>Alarm clock</li><li>Coffee maker</li><li>Iron/ Iron board</li><li>Pillows: Down/Feather</li><li>Pull out sofa bed</li></ul>";"<span class=""""visible-md visible-lg"""">Making in-room cooking and dining convenient</span></p><ul class=""""contentToggle closed""""><li>Conventional oven</li><li>Stove</li><li>Refrigerator with icemaker</li><li>Dishwasher</li><li>Microwave oven</li><li>Toaster</li><li>Coffee Pot</li><li>Pots, pans, serving dishes</li><li>Silverware and Dishware</li></ul>";;;;;;Two-bedroom Townhouse, 2-bedroom/2-bath townhouse, Approximately 105 square meters, Sleeps 6;8796513517186
Output Catalog:Online;BK-villaAmenities-2BedRoomVilla-001;8797313449602;;;2-Bedroom Villa;2 bedrooms 2 baths;;;;;;;;;;;;8797313318530
Output Catalog:Online;VillaOptions_00053_Options_1;8796432940674;;;2-Bedroom Villa;2 bedrooms 2 baths;;"<ul class=""""contentToggle closed""""><li>Portable pack and play</li><li>Foam pillows</li><li>Additional serviceware</li></ul>";;"<span class=""""visible-md visible-lg"""">Making your home away from home comfortable</span></p><ul class=""""contentToggle open""""><li>Alarm clock</li><li>Coffee maker</li><li>Iron/ Iron board</li><li>Pillows: Down/Feather</li><li>Pull out sofa bed</li></ul>";"<span class=""""visible-md visible-lg"""">Making in-room cooking and dining convenient</span></p><ul class=""""contentToggle closed""""><li>Conventional oven</li><li>Stove</li><li>Refrigerator with icemaker</li><li>Dishwasher</li><li>Microwave oven</li><li>Toaster</li><li>Coffee Pot</li><li>Pots, pans, serving dishes</li><li>Silverware and Dishware</li></ul>";;;;;;Two-Bedroom/Two-Bath Villa, Approximately 1,060 square feet, Sleeps 8;8796432907906
Output Catalog:Online;VillaOptions_00030_Options_1;8796444376706;;;2-Bedroom Villa;2 bedrooms 2 baths;;"<ul class=""""contentToggle closed""""><li>Portable pack and play</li><li>Foam pillows</li><li>Additional serviceware</li></ul>";;"<span class=""""visible-md visible-lg"""">Making your home away from home comfortable</span></p><ul class=""""contentToggle open""""><li>Alarm clock</li><li>Coffee maker</li><li>Iron/ Iron board</li><li>Pillows: Down/Feather</li><li>Pull out sofa bed</li></ul>";"<span class=""""visible-md visible-lg"""">Making in-room cooking and dining convenient</span></p><ul class=""""contentToggle closed""""><li>Conventional oven</li><li>Stove</li><li>Refrigerator with icemaker</li><li>Dishwasher</li><li>Microwave oven</li><li>Toaster</li><li>Coffee Pot</li><li>Pots, pans, serving dishes</li><li>Silverware and Dishware</li></ul>";;;;;;Two-bedroom Villa, 2-bedroom/2-bath villa, Approximately 1,200  square feet, Sleeps 8;8796444343938
Output Catalog:Online;VillaOptions_00048_Options_1;8796445687426;;;Two-Bedroom Residence;;;;;;;;;;;;Two-bedroom Residence. Three-bedroom Residence, 3-bedroom/3-bath, Approximately 1,825 to 2,450 square feet, Sleeps 8, 2-bedroom/2-bath, Approximately 1,300 - 1,715 square feet, Sleeps 6;8796445654658
Output Catalog:Online;VillaOptions_00033_Options_2;8796452568706;;;2-Bedroom Oceanfront Villa;2 bedrooms 2 baths;;"<ul class=""""contentToggle closed""""><li>Portable pack and play</li><li>Foam pillows</li><li>Additional serviceware</li></ul>";;"<span class=""""visible-md visible-lg"""">Making your home away from home comfortable</span></p><ul class=""""contentToggle open""""><li>Alarm clock</li><li>Coffee maker</li><li>Iron/ Iron board</li><li>Pillows: Down/Feather</li><li>Pull out sofa bed</li></ul>";"<span class=""""visible-md visible-lg"""">Making in-room cooking and dining convenient</span></p><ul class=""""contentToggle closed""""><li>Conventional oven</li><li>Stove</li><li>Refrigerator with icemaker</li><li>Dishwasher</li><li>Microwave oven</li><li>Toaster</li><li>Coffee Pot</li><li>Pots, pans, serving dishes</li><li>Silverware and Dishware</li></ul>";;;;;;Two-bedroom Oceanview Villa, 2-bedroom/2-bath Villa, Approximately 1,120 square feet, Sleeps 8. Two-bedroom Oceanfront Villa, 2-bedroom/2-bath Villa, Approximately 1,120 square feet, Sleeps 8;8796452404866
Output Catalog:Online;VillaOptions_00035_Options_1;8796455124610;;;2-Bedroom Villa;2 bedrooms 2 baths;;"<ul class=""""contentToggle closed""""><li>Portable pack and play</li><li>Foam pillows</li><li>Additional serviceware</li></ul>";;"<span class=""""visible-md visible-lg"""">Making your home away from home comfortable</span></p><ul class=""""contentToggle open""""><li>Alarm clock</li><li>Coffee maker</li><li>Iron/ Iron board</li><li>Pillows: Down/Feather</li><li>Pull out sofa bed</li></ul>";"<span class=""""visible-md visible-lg"""">Making in-room cooking and dining convenient</span></p><ul class=""""contentToggle closed""""><li>Conventional oven</li><li>Stove</li><li>Refrigerator with icemaker</li><li>Dishwasher</li><li>Microwave oven</li><li>Toaster</li><li>Coffee Pot</li><li>Pots, pans, serving dishes</li><li>Silverware and Dishware</li></ul>";;;;;;Two-Bedroom/Two-Bath villa, Approximately 1,282 square feet, Sleeps 6;8796455091842
Output Catalog:Online;VillaOptions_00022_Options_1;8796509519490;;;2-Bedroom Villas;2 bedrooms 2 baths or 2 bedrooms 2 baths Lock Off;;"<ul class=""""contentToggle closed""""><li>Portable pack and play</li><li>Foam pillows</li><li>Additional serviceware</li></ul>";;"<span class=""""visible-md visible-lg"""">Making your home away from home comfortable</span></p><ul class=""""contentToggle open""""><li>Alarm clock</li><li>Coffee maker</li><li>Iron/ Iron board</li><li>Pillows: Down/Feather</li><li>Pull out sofa bed</li></ul>";"<span class=""""visible-md visible-lg"""">Making in-room cooking and dining convenient</span></p><ul class=""""contentToggle closed""""><li>Conventional oven</li><li>Stove</li><li>Refrigerator with icemaker</li><li>Dishwasher</li><li>Microwave oven</li><li>Toaster</li><li>Coffee Pot</li><li>Pots, pans, serving dishes</li><li>Silverware and Dishware</li></ul>";;;;;;Typical Two-Bedroom Villa, Photo Gallery- 2-bedroom/2-bath villa- Approximately 1,230 square feet- Sleeps 8. Typical Two-Bedroom Lock-Off Villa, Photo Gallery- 2-bedroom/2-bath villa- Approximately 1,313 square feet- Sleeps 8. Typical Two-Bedroom Lock-Off with 2 Master Suites, Photo Gallery- 2-bedroom/2-bath villa- Approximately 1,400 square feet- Sleeps 8. Typical Three-Bedroom Lock-Off Villa, Photo Gallery- 3-bedroom/2-bath villa- Approximately 1,676 square feet- Sleeps 12. Typical Two-Bedroom Multilevel Townhome. Photo Gallery- 2-bedroom/2 1/2-bath villa- Approximately 1,366 square feet- Sleeps 8. Typical Three-Bedroom Multilevel Townhome- 3-bedroom/3-bath villa- Approximately 1,839 square feet- Sleeps 12;8796508831362
Output Catalog:Online;VillaOptions_00003_Options_2;8796463382146;;;3-Bedroom Villa;3 Bedrooms 3 baths;;"<ul class=""""contentToggle closed""""><li>Portable pack and play</li><li>Foam pillows</li><li>Additional serviceware</li></ul>";;"<span class=""""visible-md visible-lg"""">Making your home away from home comfortable</span></p><ul class=""""contentToggle open""""><li>Alarm clock</li><li>Coffee maker</li><li>Iron/ Iron board</li><li>Pillows: Down/Feather</li><li>Pull out sofa bed</li></ul>";"<span class=""""visible-md visible-lg"""">Making in-room cooking and dining convenient</span></p><ul class=""contentToggle closed""><li>Conventional oven</li><li>Stove</li><li>Refrigerator with icemaker</li><li>Dishwasher</li><li>Microwave oven</li><li>Toaster</li><li>Coffee Pot</li><li>Pots, pans, serving dishes</li><li>Silverware and Dishware</li></ul>";;;;;;Two-bedroom Villa  2-bedroom/2-bath villa Approximately  1,195 square feet Sleeps 8. Three-bedroom Villa 3-bedroom/3-bath villa  Approximately 1,707 square feet Sleeps 12;8796463349378
Output Catalog:Online;VillaOptions_00044_Options_1;8796539076226;;;Two-Bedroom Residence;;;;;;;;;;;;Two-bedroom Residence. Three-bedroom Residence;8796539043458
Output Catalog:Online;VillaOptions_00014_Options_1;8796518989442;;;1-Bedroom Villa;1 bedroom 1 bath;;"<ul class=""""contentToggle closed""""><li>Portable pack and play</li><li>Foam pillows</li><li>Additional serviceware</li></ul>";;"<span class=""""visible-md visible-lg"""">Making your home away from home comfortable</span></p><ul class=""""contentToggle open""""><li>Alarm clock</li><li>Coffee maker</li><li>Iron/ Iron board</li><li>Pillows: Down/Feather</li><li>Pull out sofa bed</li></ul>";"<span class=""""visible-md visible-lg"""">Making in-room cooking and dining convenient</span></p><ul class=""contentToggle closed""><li>Conventional oven</li><li>Stove</li><li>Refrigerator with icemaker</li><li>Dishwasher</li><li>Microwave oven</li><li>Toaster</li><li>Coffee Pot</li><li>Pots, pans, serving dishes</li><li>Silverware and Dishware</li></ul>";;;;;;Typical 1-Bedroom Villa 1-bedroom/1-bath villa Approximately 820 square feet Sleeps 4, Typical 2-Bedroom Villa 2-bedroom/2-bath villa Approximately 1,252 square feet Sleeps 8, Typical 3-Bedroom Villa 3-bedroom/3-bath villa Approximately 2,095 square feet Sleeps 12;8796518694530
Output Catalog:Online;VillaOptions_00052_Options_1;8796541337218;;;2-Bedroom Villa;2 bedrooms 2 baths;;"<ul class=""""contentToggle closed""""><li>Portable pack and play</li><li>Foam pillows</li><li>Additional serviceware</li></ul>";;"<span class=""""visible-md visible-lg"""">Making your home away from home comfortable</span></p><ul class=""""contentToggle open""""><li>Alarm clock</li><li>Coffee maker</li><li>Iron/ Iron board</li><li>Pillows: Down/Feather</li><li>Pull out sofa bed</li></ul>";"<span class=""""visible-md visible-lg"""">Making in-room cooking and dining convenient</span></p><ul class=""""contentToggle closed""""><li>Conventional oven</li><li>Stove</li><li>Refrigerator with icemaker</li><li>Dishwasher</li><li>Microwave oven</li><li>Toaster</li><li>Coffee Pot</li><li>Pots, pans, serving dishes</li><li>Silverware and Dishware</li></ul>";;;;;;Two-bedroom Villa 2-bedroom/2-bath villa, Approximately 1,120 square feet, Sleeps 8;8796541304450
Output Catalog:Online;VillaOptions_00007_Options_1;8796472229506;;;2-Bedroom TownHouse;2 bedrooms 2 baths;;"<ul class=""""contentToggle closed""""><li>Portable pack and play</li><li>Foam pillows</li><li>Additional serviceware</li></ul>";;"<span class=""""visible-md visible-lg"""">Making your home away from home comfortable</span></p><ul class=""""contentToggle open""""><li>Alarm clock</li><li>Coffee maker</li><li>Iron/ Iron board</li><li>Pillows: Down/Feather</li><li>Pull out sofa bed</li></ul>";"<span class=""""visible-md visible-lg"""">Making in-room cooking and dining convenient</span></p><ul class=""contentToggle closed""><li>Conventional oven</li><li>Stove</li><li>Refrigerator with icemaker</li><li>Dishwasher</li><li>Microwave oven</li><li>Toaster</li><li>Coffee Pot</li><li>Pots, pans, serving dishes</li><li>Silverware and Dishware</li></ul>";;;;;;Two-bedroom Townhouse-  2-bedroom/2-bath townhouse-  Approximately 88 square meters-  Sleeps 6 .Three-bedroom Townhouse-  3-bedroom/2-bath townhouse-  Approximately 110 square meters-  Sleeps 8;8796472196738
Output Catalog:Online;SD-VillaAmenities-DoubleDoubleSuite-001;8796727197314;;;Double Double Suite;A connecting 2-room suite (one king suite and one double/double) can be booked/guaranteed;;;;;;;;;;;;8796727033474
Output Catalog:Online;VillaOptions_00034_Options_1;8796532784770;;;2-Bedroom Villa;2 bedrooms 2 baths;;"<ul class='contentToggle closed'><li>Portable pack and play</li><li>Foam pillows</li><li>Additional serviceware</li></ul>";;"<span class='visible-md visible-lg'>Making your home away from home comfortable</span></p><ul class='contentToggle open'><li>Alarm clock</li><li>Coffee maker</li><li>Iron/Ironing board</li><li>Pillows: Down/Feather</li><li>Pull out sofa bed</li></ul>";"<span class='visible-md visible-lg'>Making in-room cooking and dining convenient</span></p><ul class='contentToggle closed'><li>Conventional oven</li><li>Stove</li><li>Refrigerator with icemaker</li><li>Dishwasher</li><li>Microwave oven</li><li>Toaster</li><li>Coffee pot</li><li>Pots, pans, serving dishes</li><li>Silverware and Dishware</li></ul>";;;;;;Two-Bedroom/Two-Bath Villa, Approximately 1,266 square feet, Sleeps 8. Three-Bedroom/Three-Bath Villa, Approximately 1,584 square feet, Sleeps 10;8796532752002
Output Catalog:Online;VillaOptions_00034_Options_2;8796532915842;;;3-Bedroom Villa;3 bedrooms 3 baths;;"<ul class=""""contentToggle closed""""><li>Portable pack and play</li><li>Foam pillows</li><li>Additional serviceware</li></ul>";;"<span class='visible-md visible-lg'>Making your home away from home comfortable</span></p><ul class='contentToggle open'><li>Alarm clock</li><li>Coffee maker</li><li>Iron/Ironing board</li><li>Pillows: Down/Feather</li><li>Pull out sofa bed</li></ul>";"<span class='visible-md visible-lg'>Making in-room cooking and dining convenient</span></p><ul class='contentToggle closed'><li>Conventional oven</li><li>Stove</li><li>Refrigerator with icemaker</li><li>Dishwasher</li><li>Microwave oven</li><li>Toaster</li><li>Coffee pot</li><li>Pots, pans, serving dishes</li><li>Silverware and Dishware</li></ul>";;;;;;Two-Bedroom/Two-Bath Villa, Approximately 1,266 square feet, Sleeps 8. Three-Bedroom/Three-Bath Villa, Approximately 1,584 square feet, Sleeps 10;8796532752002